{"textures":{"0":"modelengine:entity/anchor"},"elements":[{"from":[9.0078745,2.6571784,3.7537146],"to":[10.0078745,4.157179,8.753715],"faces":{"east":{"uv":[5.25,3.75,7.75,4.5],"tintindex":-2,"rotation":0,"texture":"#0"},"south":{"uv":[9.5,3.5,10.0,4.25],"tintindex":-2,"rotation":0,"texture":"#0"},"north":{"uv":[2.75,6.5,3.25,7.25],"tintindex":-2,"rotation":0,"texture":"#0"},"west":{"uv":[6.5,4.5,9.0,5.25],"tintindex":-2,"rotation":0,"texture":"#0"},"up":{"uv":[9.0,4.5,8.5,2.0],"tintindex":-2,"rotation":0,"texture":"#0"},"down":{"uv":[4.25,8.5,3.75,11.0],"tintindex":-2,"rotation":0,"texture":"#0"}}},{"from":[8.257875,-1.922493,7.2835503],"to":[10.7578745,-1.422493,9.53355],"faces":{"east":{"uv":[11.25,9.0,10.0,9.25],"tintindex":-2,"rotation":0,"texture":"#0"},"south":{"uv":[11.25,8.75,10.0,9.0],"tintindex":-2,"rotation":0,"texture":"#0"},"north":{"uv":[11.25,9.25,10.0,9.5],"tintindex":-2,"rotation":0,"texture":"#0"},"west":{"uv":[11.25,9.5,10.0,9.75],"tintindex":-2,"rotation":0,"texture":"#0"},"up":{"uv":[4.0,7.25,2.75,8.5],"tintindex":-2,"rotation":0,"texture":"#0"},"down":{"uv":[5.25,8.5,4.0,7.25],"tintindex":-2,"rotation":0,"texture":"#0"}},"rotation":{"origin":[5.6441717,-1.200819,9.832035],"angle":-22.5,"axis":"x"}},{"from":[8.257875,-2.525734,3.093871],"to":[10.7578745,-2.025734,5.343871],"faces":{"east":{"uv":[10.0,9.0,11.25,9.25],"tintindex":-2,"rotation":0,"texture":"#0"},"south":{"uv":[10.0,9.25,11.25,9.5],"tintindex":-2,"rotation":0,"texture":"#0"},"north":{"uv":[10.0,8.75,11.25,9.0],"tintindex":-2,"rotation":0,"texture":"#0"},"west":{"uv":[10.0,9.5,11.25,9.75],"tintindex":-2,"rotation":0,"texture":"#0"},"up":{"uv":[4.0,8.5,2.75,7.25],"tintindex":-2,"rotation":0,"texture":"#0"},"down":{"uv":[5.25,7.25,4.0,8.5],"tintindex":-2,"rotation":0,"texture":"#0"}},"rotation":{"origin":[5.6441717,-1.200819,4.251738],"angle":22.5,"axis":"x"}},{"from":[8.7578745,-2.3428211,5.2537146],"to":[10.2578745,-0.34282112,7.2537146],"faces":{"east":{"uv":[9.0,4.25,10.0,5.25],"tintindex":-2,"rotation":0,"texture":"#0"},"south":{"uv":[4.25,10.0,5.0,11.0],"tintindex":-2,"rotation":0,"texture":"#0"},"north":{"uv":[9.75,6.25,10.5,7.25],"tintindex":-2,"rotation":0,"texture":"#0"},"west":{"uv":[9.0,5.25,10.0,6.25],"tintindex":-2,"rotation":0,"texture":"#0"},"up":{"uv":[10.75,5.5,10.0,4.5],"tintindex":-2,"rotation":0,"texture":"#0"},"down":{"uv":[5.75,10.0,5.0,11.0],"tintindex":-2,"rotation":0,"texture":"#0"}}},{"from":[8.257875,-0.19187164,8.855324],"to":[10.7578745,0.30812883,11.105324],"faces":{"east":{"uv":[11.25,10.0,10.0,10.25],"tintindex":-2,"rotation":0,"texture":"#0"},"south":{"uv":[11.25,9.75,10.0,10.0],"tintindex":-2,"rotation":0,"texture":"#0"},"north":{"uv":[2.25,10.25,1.0,10.5],"tintindex":-2,"rotation":0,"texture":"#0"},"west":{"uv":[9.0,10.25,7.75,10.5],"tintindex":-2,"rotation":0,"texture":"#0"},"up":{"uv":[6.5,7.25,5.25,8.5],"tintindex":-2,"rotation":0,"texture":"#0"},"down":{"uv":[7.75,8.5,6.5,7.25],"tintindex":-2,"rotation":0,"texture":"#0"}},"rotation":{"origin":[5.6441717,0.092660904,11.504499],"angle":-45.0,"axis":"x"}},{"from":[8.7578745,-4.5828238,2.6308837],"to":[10.2578745,-2.5828238,5.6308837],"faces":{"east":{"uv":[7.75,7.25,9.25,8.25],"tintindex":-2,"rotation":0,"texture":"#0"},"south":{"uv":[9.25,8.25,10.0,9.25],"tintindex":-2,"rotation":0,"texture":"#0"},"north":{"uv":[7.75,9.25,8.5,10.25],"tintindex":-2,"rotation":0,"texture":"#0"},"west":{"uv":[7.75,8.25,9.25,9.25],"tintindex":-2,"rotation":0,"texture":"#0"},"up":{"uv":[6.5,10.0,5.75,8.5],"tintindex":-2,"rotation":0,"texture":"#0"},"down":{"uv":[7.25,8.5,6.5,10.0],"tintindex":-2,"rotation":0,"texture":"#0"}},"rotation":{"origin":[5.6441717,-2.5079098,4.5387506],"angle":22.5,"axis":"x"}},{"from":[9.0078745,-0.34282112,5.7537146],"to":[10.0078745,5.657179,6.7537146],"faces":{"east":{"uv":[0.5,8.0,1.0,11.0],"tintindex":-2,"rotation":0,"texture":"#0"},"south":{"uv":[2.75,8.5,3.25,11.5],"tintindex":-2,"rotation":0,"texture":"#0"},"north":{"uv":[0.0,8.0,0.5,11.0],"tintindex":-2,"rotation":0,"texture":"#0"},"west":{"uv":[3.25,8.5,3.75,11.5],"tintindex":-2,"rotation":0,"texture":"#0"},"up":{"uv":[10.0,10.75,9.5,10.25],"tintindex":-2,"rotation":0,"texture":"#0"},"down":{"uv":[10.5,10.25,10.0,10.75],"tintindex":-2,"rotation":0,"texture":"#0"}}},{"from":[8.257875,-2.8428211,4.7537146],"to":[10.7578745,-2.3428211,7.7537146],"faces":{"east":{"uv":[10.0,5.5,11.5,5.75],"tintindex":-2,"rotation":0,"texture":"#0"},"south":{"uv":[10.0,8.5,11.25,8.75],"tintindex":-2,"rotation":0,"texture":"#0"},"north":{"uv":[10.0,6.0,11.25,6.25],"tintindex":-2,"rotation":0,"texture":"#0"},"west":{"uv":[10.0,5.75,11.5,6.0],"tintindex":-2,"rotation":0,"texture":"#0"},"up":{"uv":[7.5,7.25,6.25,5.75],"tintindex":-2,"rotation":0,"texture":"#0"},"down":{"uv":[1.25,6.5,0.0,8.0],"tintindex":-2,"rotation":0,"texture":"#0"}}},{"from":[8.7578745,-2.124529,9.017903],"to":[10.2578745,-0.124528885,11.517903],"faces":{"east":{"uv":[9.75,0.0,8.5,1.0],"tintindex":-2,"rotation":0,"texture":"#0"},"south":{"uv":[9.25,9.25,8.5,10.25],"tintindex":-2,"rotation":0,"texture":"#0"},"north":{"uv":[10.0,9.25,9.25,10.25],"tintindex":-2,"rotation":0,"texture":"#0"},"west":{"uv":[9.75,1.0,8.5,2.0],"tintindex":-2,"rotation":0,"texture":"#0"},"up":{"uv":[1.75,8.75,1.0,10.25],"tintindex":-2,"rotation":0,"texture":"#0"},"down":{"uv":[2.5,10.25,1.75,8.75],"tintindex":-2,"rotation":0,"texture":"#0"}},"rotation":{"origin":[5.6441717,-1.0899963,11.667078],"angle":-45.0,"axis":"x"}},{"from":[8.7578745,-4.842821,4.7537146],"to":[10.2578745,-2.8428211,7.7537146],"faces":{"east":{"uv":[7.5,5.25,9.0,6.25],"tintindex":-2,"rotation":0,"texture":"#0"},"south":{"uv":[9.25,7.25,10.0,8.25],"tintindex":-2,"rotation":0,"texture":"#0"},"north":{"uv":[9.0,6.25,9.75,7.25],"tintindex":-2,"rotation":0,"texture":"#0"},"west":{"uv":[7.5,6.25,9.0,7.25],"tintindex":-2,"rotation":0,"texture":"#0"},"up":{"uv":[5.0,10.0,4.25,8.5],"tintindex":-2,"rotation":0,"texture":"#0"},"down":{"uv":[5.75,8.5,5.0,10.0],"tintindex":-2,"rotation":0,"texture":"#0"}}},{"from":[8.7578745,-3.239172,1.4512267],"to":[10.2578745,-1.239172,3.9512267],"faces":{"east":{"uv":[8.5,0.0,9.75,1.0],"tintindex":-2,"rotation":0,"texture":"#0"},"south":{"uv":[9.25,9.25,10.0,10.25],"tintindex":-2,"rotation":0,"texture":"#0"},"north":{"uv":[8.5,9.25,9.25,10.25],"tintindex":-2,"rotation":0,"texture":"#0"},"west":{"uv":[8.5,1.0,9.75,2.0],"tintindex":-2,"rotation":0,"texture":"#0"},"up":{"uv":[1.75,10.25,1.0,8.75],"tintindex":-2,"rotation":0,"texture":"#0"},"down":{"uv":[2.5,8.75,1.75,10.25],"tintindex":-2,"rotation":0,"texture":"#0"}},"rotation":{"origin":[5.6441717,-1.0899963,2.4166946],"angle":45.0,"axis":"x"}},{"from":[8.7578745,-3.9795828,6.996537],"to":[10.2578745,-1.9795828,9.996537],"faces":{"east":{"uv":[9.25,7.25,7.75,8.25],"tintindex":-2,"rotation":0,"texture":"#0"},"south":{"uv":[8.5,9.25,7.75,10.25],"tintindex":-2,"rotation":0,"texture":"#0"},"north":{"uv":[10.0,8.25,9.25,9.25],"tintindex":-2,"rotation":0,"texture":"#0"},"west":{"uv":[9.25,8.25,7.75,9.25],"tintindex":-2,"rotation":0,"texture":"#0"},"up":{"uv":[6.5,8.5,5.75,10.0],"tintindex":-2,"rotation":0,"texture":"#0"},"down":{"uv":[7.25,10.0,6.5,8.5],"tintindex":-2,"rotation":0,"texture":"#0"}},"rotation":{"origin":[5.6441717,-2.5079098,9.545023],"angle":-22.5,"axis":"x"}},{"from":[8.257875,-1.3065147,1.8638062],"to":[10.7578745,-0.80651474,4.113806],"faces":{"east":{"uv":[10.0,10.0,11.25,10.25],"tintindex":-2,"rotation":0,"texture":"#0"},"south":{"uv":[1.0,10.25,2.25,10.5],"tintindex":-2,"rotation":0,"texture":"#0"},"north":{"uv":[10.0,9.75,11.25,10.0],"tintindex":-2,"rotation":0,"texture":"#0"},"west":{"uv":[7.75,10.25,9.0,10.5],"tintindex":-2,"rotation":0,"texture":"#0"},"up":{"uv":[6.5,8.5,5.25,7.25],"tintindex":-2,"rotation":0,"texture":"#0"},"down":{"uv":[7.75,7.25,6.5,8.5],"tintindex":-2,"rotation":0,"texture":"#0"}},"rotation":{"origin":[5.6441717,0.092660904,2.5792742],"angle":45.0,"axis":"x"}},{"from":[9.0078745,5.657179,4.7537146],"to":[10.0078745,8.657179,7.7537146],"faces":{"east":{"uv":[3.25,5.75,4.75,7.25],"tintindex":-2,"rotation":0,"texture":"#0"},"south":{"uv":[10.0,0.0,10.5,1.5],"tintindex":-2,"rotation":0,"texture":"#0"},"north":{"uv":[9.5,2.0,10.0,3.5],"tintindex":-2,"rotation":0,"texture":"#0"},"west":{"uv":[4.75,5.75,6.25,7.25],"tintindex":-2,"rotation":0,"texture":"#0"},"up":{"uv":[10.5,3.0,10.0,1.5],"tintindex":-2,"rotation":0,"texture":"#0"},"down":{"uv":[10.5,3.0,10.0,4.5],"tintindex":-2,"rotation":0,"texture":"#0"}}}],"display":{"gui":{"rotation":[30,225,0]}}}