{"textures":{"0":"modelengine:entity/anchor"},"elements":[{"from":[6.3957033,-2.5815287,5.0],"to":[6.3957033,6.4184713,7.0],"faces":{"east":{"uv":[4.25,0.0,5.25,4.5],"tintindex":-2,"rotation":0,"texture":"#0"},"west":{"uv":[4.25,0.0,5.25,4.5],"tintindex":-2,"rotation":0,"texture":"#0"}}},{"from":[2.0,-5.0,5.0],"to":[8.5,-2.5,11.5],"faces":{"east":{"uv":[5.25,0.0,8.5,1.25],"tintindex":-2,"rotation":0,"texture":"#0"},"south":{"uv":[5.25,1.25,8.5,2.5],"tintindex":-2,"rotation":0,"texture":"#0"},"north":{"uv":[3.25,4.5,6.5,5.75],"tintindex":-2,"rotation":0,"texture":"#0"},"west":{"uv":[5.25,2.5,8.5,3.75],"tintindex":-2,"rotation":0,"texture":"#0"},"up":{"uv":[3.25,3.25,0.0,0.0],"tintindex":-2,"rotation":0,"texture":"#0"},"down":{"uv":[3.25,3.25,0.0,6.5],"tintindex":-2,"rotation":0,"texture":"#0"}}}],"display":{"gui":{"rotation":[30,225,0]}}}