{"overrides":[{"predicate":{"custom_model_data":1},"model":"modelengine:npcgreeting/head"},{"predicate":{"custom_model_data":2},"model":"modelengine:adventurer/adventurer"},{"predicate":{"custom_model_data":3},"model":"modelengine:adventurer/head"},{"predicate":{"custom_model_data":4},"model":"modelengine:adventurer/rightleg"},{"predicate":{"custom_model_data":5},"model":"modelengine:adventurer/rightarm"},{"predicate":{"custom_model_data":6},"model":"modelengine:adventurer/leftleg"},{"predicate":{"custom_model_data":7},"model":"modelengine:adventurer/leftarm"},{"predicate":{"custom_model_data":8},"model":"modelengine:adventurer/rightfoot"},{"predicate":{"custom_model_data":9},"model":"modelengine:adventurer/righthand"},{"predicate":{"custom_model_data":10},"model":"modelengine:adventurer/leftfoot"},{"predicate":{"custom_model_data":11},"model":"modelengine:adventurer/lefthand"},{"predicate":{"custom_model_data":12},"model":"modelengine:anchor/chain"},{"predicate":{"custom_model_data":13},"model":"modelengine:anchor/anchor"},{"predicate":{"custom_model_data":14},"model":"modelengine:king/king"},{"predicate":{"custom_model_data":15},"model":"modelengine:king/head"},{"predicate":{"custom_model_data":16},"model":"modelengine:king/rightleg"},{"predicate":{"custom_model_data":17},"model":"modelengine:king/rightarm"},{"predicate":{"custom_model_data":18},"model":"modelengine:king/leftleg"},{"predicate":{"custom_model_data":19},"model":"modelengine:king/leftarm"},{"predicate":{"custom_model_data":20},"model":"modelengine:king/rightfoot"},{"predicate":{"custom_model_data":21},"model":"modelengine:king/righthand"},{"predicate":{"custom_model_data":22},"model":"modelengine:king/leftfoot"},{"predicate":{"custom_model_data":23},"model":"modelengine:king/lefthand"},{"predicate":{"custom_model_data":24},"model":"modelengine:lootbag/lootbag"},{"predicate":{"custom_model_data":25},"model":"modelengine:lootbag/shield"},{"predicate":{"custom_model_data":26},"model":"modelengine:minecart/minecart"},{"predicate":{"custom_model_data":27},"model":"modelengine:miner/miner"},{"predicate":{"custom_model_data":28},"model":"modelengine:miner/head"},{"predicate":{"custom_model_data":29},"model":"modelengine:miner/rightleg"},{"predicate":{"custom_model_data":30},"model":"modelengine:miner/rightarm"},{"predicate":{"custom_model_data":31},"model":"modelengine:miner/leftleg"},{"predicate":{"custom_model_data":32},"model":"modelengine:miner/leftarm"},{"predicate":{"custom_model_data":33},"model":"modelengine:miner/lantern"},{"predicate":{"custom_model_data":34},"model":"modelengine:miner/rightfoot"},{"predicate":{"custom_model_data":35},"model":"modelengine:miner/righthand"},{"predicate":{"custom_model_data":36},"model":"modelengine:miner/leftfoot"},{"predicate":{"custom_model_data":37},"model":"modelengine:miner/lefthand"},{"predicate":{"custom_model_data":38},"model":"modelengine:pirate/bard"},{"predicate":{"custom_model_data":39},"model":"modelengine:pirate/head"},{"predicate":{"custom_model_data":40},"model":"modelengine:pirate/rightleg"},{"predicate":{"custom_model_data":41},"model":"modelengine:pirate/rightarm"},{"predicate":{"custom_model_data":42},"model":"modelengine:pirate/leftleg"},{"predicate":{"custom_model_data":43},"model":"modelengine:pirate/leftarm"},{"predicate":{"custom_model_data":44},"model":"modelengine:pirate/rightfoot"},{"predicate":{"custom_model_data":45},"model":"modelengine:pirate/righthand"},{"predicate":{"custom_model_data":46},"model":"modelengine:pirate/leftfoot"},{"predicate":{"custom_model_data":47},"model":"modelengine:pirate/lefthand"},{"predicate":{"custom_model_data":48},"model":"modelengine:tap/tap"},{"predicate":{"custom_model_data":49},"model":"modelengine:tavern/tavern"},{"predicate":{"custom_model_data":50},"model":"modelengine:tavern/head"},{"predicate":{"custom_model_data":51},"model":"modelengine:tavern/rightleg"},{"predicate":{"custom_model_data":52},"model":"modelengine:tavern/rightarm"},{"predicate":{"custom_model_data":53},"model":"modelengine:tavern/leftleg"},{"predicate":{"custom_model_data":54},"model":"modelengine:tavern/leftarm"},{"predicate":{"custom_model_data":55},"model":"modelengine:tavern/rightfoot"},{"predicate":{"custom_model_data":56},"model":"modelengine:tavern/righthand"},{"predicate":{"custom_model_data":57},"model":"modelengine:tavern/leftfoot"},{"predicate":{"custom_model_data":58},"model":"modelengine:tavern/lefthand"},{"predicate":{"custom_model_data":59},"model":"modelengine:throne/throne"}],"parent":"minecraft:item/generated","textures":{"layer0":"minecraft:item/leather_horse_armor"}}