{"textures":{"0":"modelengine:entity/helloeng"},"elements":[{"from":[1.0,4.0,8.5],"to":[12.0,12.0,8.5],"faces":{"south":{"uv":[7.0,5.5,14.0,11.0],"tintindex":-2,"rotation":0,"texture":"#0"},"north":{"uv":[0.0,5.5,7.0,11.0],"tintindex":-2,"rotation":0,"texture":"#0"}}},{"from":[0.0,2.0,8.75],"to":[14.0,13.0,8.75],"faces":{"south":{"uv":[7.0,0.0,0.0,5.5],"tintindex":-2,"rotation":0,"texture":"#0"},"north":{"uv":[0.0,0.0,7.0,5.5],"tintindex":-2,"rotation":0,"texture":"#0"}}}],"display":{"gui":{"rotation":[30,225,0]}}}