{"textures":{"0":"modelengine:entity/throne"},"elements":[{"from":[5.0,9.0,5.0],"to":[11.5,11.0,5.0],"faces":{"south":{"uv":[6.25,5.0,7.875,5.5],"tintindex":-2,"rotation":0,"texture":"#0"},"north":{"uv":[6.25,4.5,7.875,5.0],"tintindex":-2,"rotation":0,"texture":"#0"}}},{"from":[4.0,8.05,2.0],"to":[12.0,8.05,12.0],"faces":{"up":{"uv":[2.0,5.375,0.0,2.875],"tintindex":-2,"rotation":0,"texture":"#0"},"down":{"uv":[2.0,9.625,0.0,12.125],"tintindex":-2,"rotation":0,"texture":"#0"}}},{"from":[3.0,7.982233,4.5998735],"to":[5.0,14.482233,5.5998735],"faces":{"east":{"uv":[1.125,6.75,1.375,8.375],"tintindex":-2,"rotation":0,"texture":"#0"},"south":{"uv":[1.875,6.0,2.375,7.625],"tintindex":-2,"rotation":0,"texture":"#0"},"north":{"uv":[1.375,6.0,1.875,7.625],"tintindex":-2,"rotation":0,"texture":"#0"},"west":{"uv":[3.875,6.75,4.125,8.375],"tintindex":-2,"rotation":0,"texture":"#0"},"up":{"uv":[8.125,3.75,7.625,3.5],"tintindex":-2,"rotation":0,"texture":"#0"},"down":{"uv":[7.75,7.625,7.25,7.875],"tintindex":-2,"rotation":0,"texture":"#0"}}},{"from":[4.0,9.0,5.0],"to":[4.5,10.0,10.5],"faces":{"east":{"uv":[7.375,7.0,8.75,7.25],"tintindex":-2,"rotation":0,"texture":"#0"},"south":{"uv":[2.375,6.0,2.5,6.25],"tintindex":-2,"rotation":0,"texture":"#0"},"north":{"uv":[3.875,5.375,4.0,5.625],"tintindex":-2,"rotation":0,"texture":"#0"},"west":{"uv":[7.25,7.375,8.625,7.625],"tintindex":-2,"rotation":0,"texture":"#0"},"up":{"uv":[3.875,8.875,3.75,7.5],"tintindex":-2,"rotation":0,"texture":"#0"},"down":{"uv":[1.75,7.625,1.625,9.0],"tintindex":-2,"rotation":0,"texture":"#0"}}},{"from":[3.25,25.5,10.0],"to":[13.25,26.5,12.5],"faces":{"east":{"uv":[1.75,7.625,2.375,7.875],"tintindex":-2,"rotation":0,"texture":"#0"},"south":{"uv":[6.5,1.125,9.0,1.375],"tintindex":-2,"rotation":0,"texture":"#0"},"north":{"uv":[6.25,5.5,8.75,5.75],"tintindex":-2,"rotation":0,"texture":"#0"},"west":{"uv":[7.625,3.25,8.25,3.5],"tintindex":-2,"rotation":0,"texture":"#0"},"up":{"uv":[2.5,6.0,0.0,5.375],"tintindex":-2,"rotation":0,"texture":"#0"},"down":{"uv":[5.0,5.75,2.5,6.375],"tintindex":-2,"rotation":0,"texture":"#0"}}},{"from":[3.5,14.0,4.5],"to":[4.5,15.0,10.5],"faces":{"east":{"uv":[7.375,6.5,8.875,6.75],"tintindex":-2,"rotation":0,"texture":"#0"},"south":{"uv":[3.75,2.5,4.0,2.75],"tintindex":-2,"rotation":0,"texture":"#0"},"north":{"uv":[3.75,2.25,4.0,2.5],"tintindex":-2,"rotation":0,"texture":"#0"},"west":{"uv":[7.375,6.75,8.875,7.0],"tintindex":-2,"rotation":0,"texture":"#0"},"up":{"uv":[5.0,8.75,4.75,7.25],"tintindex":-2,"rotation":0,"texture":"#0"},"down":{"uv":[7.25,7.375,7.0,8.875],"tintindex":-2,"rotation":0,"texture":"#0"}}},{"from":[11.5,14.0,4.5],"to":[12.5,15.0,10.5],"faces":{"east":{"uv":[8.875,6.75,7.375,7.0],"tintindex":-2,"rotation":0,"texture":"#0"},"south":{"uv":[4.0,2.5,3.75,2.75],"tintindex":-2,"rotation":0,"texture":"#0"},"north":{"uv":[4.0,2.25,3.75,2.5],"tintindex":-2,"rotation":0,"texture":"#0"},"west":{"uv":[8.875,6.5,7.375,6.75],"tintindex":-2,"rotation":0,"texture":"#0"},"up":{"uv":[4.75,8.75,5.0,7.25],"tintindex":-2,"rotation":0,"texture":"#0"},"down":{"uv":[7.0,7.375,7.25,8.875],"tintindex":-2,"rotation":0,"texture":"#0"}}},{"from":[5.25,19.5,9.5],"to":[10.75,22.5,10.5],"faces":{"east":{"uv":[3.75,1.5,4.0,2.25],"tintindex":-2,"rotation":0,"texture":"#0"},"south":{"uv":[6.25,3.0,7.625,3.75],"tintindex":-2,"rotation":0,"texture":"#0"},"north":{"uv":[0.0,6.0,1.375,6.75],"tintindex":-2,"rotation":0,"texture":"#0"},"west":{"uv":[1.375,7.625,1.625,8.375],"tintindex":-2,"rotation":0,"texture":"#0"},"up":{"uv":[3.75,7.75,2.375,7.5],"tintindex":-2,"rotation":0,"texture":"#0"},"down":{"uv":[9.0,3.0,7.625,3.25],"tintindex":-2,"rotation":0,"texture":"#0"}}},{"from":[11.25,15.0,4.5],"to":[12.75,15.5,10.5],"faces":{"east":{"uv":[8.875,7.25,7.375,7.375],"tintindex":-2,"rotation":0,"texture":"#0"},"south":{"uv":[8.125,1.75,7.75,1.875],"tintindex":-2,"rotation":0,"texture":"#0"},"north":{"uv":[7.125,2.875,6.75,3.0],"tintindex":-2,"rotation":0,"texture":"#0"},"west":{"uv":[8.875,1.0,7.375,1.125],"tintindex":-2,"rotation":0,"texture":"#0"},"up":{"uv":[0.0,8.25,0.375,6.75],"tintindex":-2,"rotation":0,"texture":"#0"},"down":{"uv":[0.375,6.75,0.75,8.25],"tintindex":-2,"rotation":0,"texture":"#0"}}},{"from":[2.5,19.5,10.5],"to":[13.5,25.5,12.0],"faces":{"east":{"uv":[0.75,6.75,1.125,8.25],"tintindex":-2,"rotation":0,"texture":"#0"},"south":{"uv":[4.0,1.5,6.75,3.0],"tintindex":-2,"rotation":0,"texture":"#0"},"north":{"uv":[3.75,0.0,6.5,1.5],"tintindex":-2,"rotation":0,"texture":"#0"},"west":{"uv":[6.75,1.375,7.125,2.875],"tintindex":-2,"rotation":0,"texture":"#0"},"up":{"uv":[8.5,6.125,5.75,5.75],"tintindex":-2,"rotation":0,"texture":"#0"},"down":{"uv":[8.5,6.125,5.75,6.5],"tintindex":-2,"rotation":0,"texture":"#0"}}},{"from":[14.0,26.5,9.5],"to":[17.0,29.5,13.0],"faces":{"east":{"uv":[6.625,6.5,5.75,7.25],"tintindex":-2,"rotation":0,"texture":"#0"},"south":{"uv":[3.875,6.75,3.125,7.5],"tintindex":-2,"rotation":0,"texture":"#0"},"north":{"uv":[3.125,6.75,2.375,7.5],"tintindex":-2,"rotation":0,"texture":"#0"},"west":{"uv":[7.375,0.375,6.5,1.125],"tintindex":-2,"rotation":0,"texture":"#0"},"up":{"uv":[4.25,7.25,5.0,6.375],"tintindex":-2,"rotation":0,"texture":"#0"},"down":{"uv":[6.625,6.5,7.375,7.375],"tintindex":-2,"rotation":0,"texture":"#0"}},"rotation":{"origin":[17.5,24.0,11.25],"angle":45.0,"axis":"z"}},{"from":[4.25,8.0,10.5],"to":[11.75,19.5,12.0],"faces":{"east":{"uv":[5.0,5.75,5.375,8.625],"tintindex":-2,"rotation":0,"texture":"#0"},"south":{"uv":[1.875,0.0,3.75,2.875],"tintindex":-2,"rotation":0,"texture":"#0"},"north":{"uv":[0.0,0.0,1.875,2.875],"tintindex":-2,"rotation":0,"texture":"#0"},"west":{"uv":[5.375,5.75,5.75,8.625],"tintindex":-2,"rotation":0,"texture":"#0"},"up":{"uv":[4.25,6.75,2.375,6.375],"tintindex":-2,"rotation":0,"texture":"#0"},"down":{"uv":[8.375,0.0,6.5,0.375],"tintindex":-2,"rotation":0,"texture":"#0"}}},{"from":[10.75,13.0,2.125],"to":[13.25,15.5,4.625],"faces":{"east":{"uv":[6.375,7.25,5.75,7.875],"tintindex":-2,"rotation":0,"texture":"#0"},"south":{"uv":[4.75,7.25,4.125,7.875],"tintindex":-2,"rotation":0,"texture":"#0"},"north":{"uv":[7.75,1.75,7.125,2.375],"tintindex":-2,"rotation":0,"texture":"#0"},"west":{"uv":[7.75,2.375,7.125,3.0],"tintindex":-2,"rotation":0,"texture":"#0"},"up":{"uv":[7.375,1.0,8.0,0.375],"tintindex":-2,"rotation":0,"texture":"#0"},"down":{"uv":[6.375,7.375,7.0,8.0],"tintindex":-2,"rotation":0,"texture":"#0"}},"rotation":{"origin":[12.25,15.5,3.125],"angle":-45.0,"axis":"x"}},{"from":[3.25,15.0,4.5],"to":[4.75,15.5,10.5],"faces":{"east":{"uv":[7.375,1.0,8.875,1.125],"tintindex":-2,"rotation":0,"texture":"#0"},"south":{"uv":[7.75,1.75,8.125,1.875],"tintindex":-2,"rotation":0,"texture":"#0"},"north":{"uv":[6.75,2.875,7.125,3.0],"tintindex":-2,"rotation":0,"texture":"#0"},"west":{"uv":[7.375,7.25,8.875,7.375],"tintindex":-2,"rotation":0,"texture":"#0"},"up":{"uv":[0.375,8.25,0.0,6.75],"tintindex":-2,"rotation":0,"texture":"#0"},"down":{"uv":[0.75,6.75,0.375,8.25],"tintindex":-2,"rotation":0,"texture":"#0"}}},{"from":[-1.0,26.5,9.5],"to":[2.0,29.5,13.0],"faces":{"east":{"uv":[6.5,0.375,7.375,1.125],"tintindex":-2,"rotation":0,"texture":"#0"},"south":{"uv":[3.125,6.75,3.875,7.5],"tintindex":-2,"rotation":0,"texture":"#0"},"north":{"uv":[2.375,6.75,3.125,7.5],"tintindex":-2,"rotation":0,"texture":"#0"},"west":{"uv":[5.75,6.5,6.625,7.25],"tintindex":-2,"rotation":0,"texture":"#0"},"up":{"uv":[5.0,7.25,4.25,6.375],"tintindex":-2,"rotation":0,"texture":"#0"},"down":{"uv":[7.375,6.5,6.625,7.375],"tintindex":-2,"rotation":0,"texture":"#0"}},"rotation":{"origin":[-1.5,24.0,11.25],"angle":-45.0,"axis":"z"}},{"from":[11.5,9.0,5.0],"to":[12.0,10.0,10.5],"faces":{"east":{"uv":[8.625,7.375,7.25,7.625],"tintindex":-2,"rotation":0,"texture":"#0"},"south":{"uv":[2.5,6.0,2.375,6.25],"tintindex":-2,"rotation":0,"texture":"#0"},"north":{"uv":[4.0,5.375,3.875,5.625],"tintindex":-2,"rotation":0,"texture":"#0"},"west":{"uv":[8.75,7.0,7.375,7.25],"tintindex":-2,"rotation":0,"texture":"#0"},"up":{"uv":[3.75,8.875,3.875,7.5],"tintindex":-2,"rotation":0,"texture":"#0"},"down":{"uv":[1.625,7.625,1.75,9.0],"tintindex":-2,"rotation":0,"texture":"#0"}}},{"from":[3.5,11.0,5.0],"to":[12.5,12.5,10.5],"faces":{"east":{"uv":[2.5,5.375,3.875,5.75],"tintindex":-2,"rotation":0,"texture":"#0"},"south":{"uv":[6.25,4.125,8.5,4.5],"tintindex":-2,"rotation":0,"texture":"#0"},"north":{"uv":[6.25,3.75,8.5,4.125],"tintindex":-2,"rotation":0,"texture":"#0"},"west":{"uv":[7.125,1.375,8.5,1.75],"tintindex":-2,"rotation":0,"texture":"#0"},"up":{"uv":[6.25,4.375,4.0,3.0],"tintindex":-2,"rotation":0,"texture":"#0"},"down":{"uv":[6.25,4.375,4.0,5.75],"tintindex":-2,"rotation":0,"texture":"#0"}}},{"from":[2.75,13.0,2.125],"to":[5.25,15.5,4.625],"faces":{"east":{"uv":[7.125,2.375,7.75,3.0],"tintindex":-2,"rotation":0,"texture":"#0"},"south":{"uv":[4.125,7.25,4.75,7.875],"tintindex":-2,"rotation":0,"texture":"#0"},"north":{"uv":[7.125,1.75,7.75,2.375],"tintindex":-2,"rotation":0,"texture":"#0"},"west":{"uv":[5.75,7.25,6.375,7.875],"tintindex":-2,"rotation":0,"texture":"#0"},"up":{"uv":[8.0,1.0,7.375,0.375],"tintindex":-2,"rotation":0,"texture":"#0"},"down":{"uv":[7.0,7.375,6.375,8.0],"tintindex":-2,"rotation":0,"texture":"#0"}},"rotation":{"origin":[3.75,15.5,3.125],"angle":-45.0,"axis":"x"}},{"from":[11.0,7.982233,4.5998735],"to":[13.0,14.482233,5.5998735],"faces":{"east":{"uv":[4.125,6.75,3.875,8.375],"tintindex":-2,"rotation":0,"texture":"#0"},"south":{"uv":[2.375,6.0,1.875,7.625],"tintindex":-2,"rotation":0,"texture":"#0"},"north":{"uv":[1.875,6.0,1.375,7.625],"tintindex":-2,"rotation":0,"texture":"#0"},"west":{"uv":[1.375,6.75,1.125,8.375],"tintindex":-2,"rotation":0,"texture":"#0"},"up":{"uv":[7.625,3.75,8.125,3.5],"tintindex":-2,"rotation":0,"texture":"#0"},"down":{"uv":[7.25,7.625,7.75,7.875],"tintindex":-2,"rotation":0,"texture":"#0"}}}],"display":{"gui":{"rotation":[30,225,0]}}}