{"textures":{"0":"modelengine:entity/pirate"},"elements":[{"from":[6.0,15.283705,5.903619],"to":[10.0,17.283705,9.903619],"faces":{"east":{"uv":[2.5,12.25,3.5,12.75],"tintindex":-2,"rotation":0,"texture":"#0"},"south":{"uv":[3.5,12.25,4.5,12.75],"tintindex":-2,"rotation":0,"texture":"#0"},"north":{"uv":[12.0,5.75,13.0,6.25],"tintindex":-2,"rotation":0,"texture":"#0"},"west":{"uv":[12.25,7.75,13.25,8.25],"tintindex":-2,"rotation":0,"texture":"#0"},"up":{"uv":[2.0,11.5,1.0,10.5],"tintindex":-2,"rotation":0,"texture":"#0"},"down":{"uv":[11.5,10.25,10.5,11.25],"tintindex":-2,"rotation":0,"texture":"#0"}}},{"from":[6.0,4.0,5.5],"to":[10.0,7.0,9.5],"faces":{"east":{"uv":[2.75,11.5,3.75,12.25],"tintindex":-2,"rotation":0,"texture":"#0"},"south":{"uv":[11.5,3.5,12.5,4.25],"tintindex":-2,"rotation":0,"texture":"#0"},"north":{"uv":[6.75,11.25,7.75,12.0],"tintindex":-2,"rotation":0,"texture":"#0"},"west":{"uv":[3.75,11.5,4.75,12.25],"tintindex":-2,"rotation":0,"texture":"#0"},"up":{"uv":[10.5,11.25,9.5,10.25],"tintindex":-2,"rotation":0,"texture":"#0"},"down":{"uv":[1.0,10.5,0.0,11.5],"tintindex":-2,"rotation":0,"texture":"#0"}},"rotation":{"origin":[8.0,5.0,7.0],"angle":-45.0,"axis":"x"}},{"from":[4.0,5.353554,4.5251265],"to":[12.0,12.353554,9.525126],"faces":{"east":{"uv":[4.25,8.5,5.5,10.25],"tintindex":-2,"rotation":0,"texture":"#0"},"south":{"uv":[6.0,0.0,8.0,1.75],"tintindex":-2,"rotation":0,"texture":"#0"},"north":{"uv":[2.0,4.5,4.0,6.25],"tintindex":-2,"rotation":0,"texture":"#0"},"west":{"uv":[8.5,5.5,9.75,7.25],"tintindex":-2,"rotation":0,"texture":"#0"},"up":{"uv":[5.75,8.5,3.75,7.25],"tintindex":-2,"rotation":0,"texture":"#0"},"down":{"uv":[10.0,0.0,8.0,1.25],"tintindex":-2,"rotation":0,"texture":"#0"}}},{"from":[2.851026,4.5822973,1.5251265],"to":[3.851026,9.582298,2.5251265],"faces":{"east":{"uv":[9.25,12.25,9.5,13.5],"tintindex":-2,"rotation":0,"texture":"#0"},"south":{"uv":[7.75,12.5,8.0,13.75],"tintindex":-2,"rotation":0,"texture":"#0"},"north":{"uv":[2.75,9.0,3.0,10.25],"tintindex":-2,"rotation":0,"texture":"#0"},"west":{"uv":[8.0,12.5,8.25,13.75],"tintindex":-2,"rotation":0,"texture":"#0"},"up":{"uv":[12.25,12.75,12.0,12.5],"tintindex":-2,"rotation":0,"texture":"#0"},"down":{"uv":[12.75,12.0,12.5,12.25],"tintindex":-2,"rotation":0,"texture":"#0"}},"rotation":{"origin":[2.851026,5.5822973,7.5251265],"angle":22.5,"axis":"x"}},{"from":[13.148973,4.5822973,4.5251265],"to":[13.148973,8.582297,9.525126],"faces":{"east":{"uv":[11.5,8.0,10.25,9.0],"tintindex":-2,"rotation":0,"texture":"#0"},"west":{"uv":[11.5,3.75,10.25,4.75],"tintindex":-2,"rotation":0,"texture":"#0"}},"rotation":{"origin":[13.148973,5.5822973,7.5251265],"angle":22.5,"axis":"z"}},{"from":[2.851026,6.0822973,-2.4748735],"to":[3.851026,8.082297,1.5251265],"faces":{"east":{"uv":[12.5,0.5,13.5,1.0],"tintindex":-2,"rotation":0,"texture":"#0"},"south":{"uv":[11.75,12.5,12.0,13.0],"tintindex":-2,"rotation":0,"texture":"#0"},"north":{"uv":[11.5,12.5,11.75,13.0],"tintindex":-2,"rotation":0,"texture":"#0"},"west":{"uv":[12.5,1.0,13.5,1.5],"tintindex":-2,"rotation":0,"texture":"#0"},"up":{"uv":[4.0,7.25,3.75,6.25],"tintindex":-2,"rotation":0,"texture":"#0"},"down":{"uv":[5.5,10.25,5.25,11.25],"tintindex":-2,"rotation":0,"texture":"#0"}},"rotation":{"origin":[2.851026,5.5822973,7.5251265],"angle":22.5,"axis":"x"}},{"from":[2.851026,5.5822973,2.5251265],"to":[3.851026,8.582297,14.525126],"faces":{"east":{"uv":[5.75,8.0,8.75,8.75],"tintindex":-2,"rotation":0,"texture":"#0"},"south":{"uv":[9.5,12.5,9.75,13.25],"tintindex":-2,"rotation":0,"texture":"#0"},"north":{"uv":[12.5,8.75,12.75,9.5],"tintindex":-2,"rotation":0,"texture":"#0"},"west":{"uv":[0.0,8.25,3.0,9.0],"tintindex":-2,"rotation":0,"texture":"#0"},"up":{"uv":[2.0,14.5,1.75,11.5],"tintindex":-2,"rotation":0,"texture":"#0"},"down":{"uv":[8.75,11.5,8.5,14.5],"tintindex":-2,"rotation":0,"texture":"#0"}},"rotation":{"origin":[2.851026,5.5822973,7.5251265],"angle":22.5,"axis":"x"}},{"from":[2.851026,6.5822973,14.525126],"to":[3.851026,9.582298,16.525127],"faces":{"east":{"uv":[5.75,12.5,6.25,13.25],"tintindex":-2,"rotation":0,"texture":"#0"},"south":{"uv":[9.75,12.5,10.0,13.25],"tintindex":-2,"rotation":0,"texture":"#0"},"north":{"uv":[12.5,9.5,12.75,10.25],"tintindex":-2,"rotation":0,"texture":"#0"},"west":{"uv":[6.25,12.5,6.75,13.25],"tintindex":-2,"rotation":0,"texture":"#0"},"up":{"uv":[11.25,13.0,11.0,12.5],"tintindex":-2,"rotation":0,"texture":"#0"},"down":{"uv":[11.5,12.5,11.25,13.0],"tintindex":-2,"rotation":0,"texture":"#0"}},"rotation":{"origin":[2.851026,5.5822973,7.5251265],"angle":22.5,"axis":"x"}},{"from":[2.851026,4.5822973,4.5251265],"to":[2.851026,8.582297,9.525126],"faces":{"east":{"uv":[10.25,3.75,11.5,4.75],"tintindex":-2,"rotation":0,"texture":"#0"},"west":{"uv":[10.25,8.0,11.5,9.0],"tintindex":-2,"rotation":0,"texture":"#0"}},"rotation":{"origin":[2.851026,5.5822973,7.5251265],"angle":-22.5,"axis":"z"}},{"from":[3.0,11.283705,5.903619],"to":[13.0,16.283705,10.903619],"faces":{"east":{"uv":[7.0,8.75,8.25,10.0],"tintindex":-2,"rotation":0,"texture":"#0"},"south":{"uv":[6.0,3.0,8.5,4.25],"tintindex":-2,"rotation":0,"texture":"#0"},"north":{"uv":[6.0,1.75,8.5,3.0],"tintindex":-2,"rotation":0,"texture":"#0"},"west":{"uv":[8.75,7.25,10.0,8.5],"tintindex":-2,"rotation":0,"texture":"#0"},"up":{"uv":[6.5,7.25,4.0,6.0],"tintindex":-2,"rotation":0,"texture":"#0"},"down":{"uv":[8.5,4.25,6.0,5.5],"tintindex":-2,"rotation":0,"texture":"#0"}},"rotation":{"origin":[8.0,15.283705,7.903619],"angle":22.5,"axis":"x"}}],"display":{"gui":{"rotation":[30,225,0]}}}