{"textures":{"0":"modelengine:entity/pirate"},"elements":[{"from":[3.5792565,10.0,6.615221],"to":[4.579256,13.0,8.615221],"faces":{"east":{"uv":[10.25,4.75,10.75,5.5],"tintindex":-2,"rotation":0,"texture":"#0"},"south":{"uv":[1.75,9.75,2.0,10.5],"tintindex":-2,"rotation":0,"texture":"#0"},"north":{"uv":[8.5,7.25,8.75,8.0],"tintindex":-2,"rotation":0,"texture":"#0"},"west":{"uv":[4.5,12.25,5.0,13.0],"tintindex":-2,"rotation":0,"texture":"#0"},"up":{"uv":[10.0,7.25,9.75,6.75],"tintindex":-2,"rotation":0,"texture":"#0"},"down":{"uv":[11.75,4.25,11.5,4.75],"tintindex":-2,"rotation":0,"texture":"#0"}},"rotation":{"origin":[4.079256,11.5,7.615221],"angle":-22.5,"axis":"y"}},{"from":[11.420744,10.0,6.615221],"to":[12.420744,13.0,8.615221],"faces":{"east":{"uv":[5.0,12.25,4.5,13.0],"tintindex":-2,"rotation":0,"texture":"#0"},"south":{"uv":[2.0,9.75,1.75,10.5],"tintindex":-2,"rotation":0,"texture":"#0"},"north":{"uv":[8.75,7.25,8.5,8.0],"tintindex":-2,"rotation":0,"texture":"#0"},"west":{"uv":[10.75,4.75,10.25,5.5],"tintindex":-2,"rotation":0,"texture":"#0"},"up":{"uv":[9.75,7.25,10.0,6.75],"tintindex":-2,"rotation":0,"texture":"#0"},"down":{"uv":[11.5,4.25,11.75,4.75],"tintindex":-2,"rotation":0,"texture":"#0"}},"rotation":{"origin":[11.920744,11.5,7.615221],"angle":22.5,"axis":"y"}},{"from":[4.0,6.0,10.5],"to":[12.0,16.0,13.5],"faces":{"east":{"uv":[5.5,8.75,6.25,11.25],"tintindex":-2,"rotation":0,"texture":"#0"},"south":{"uv":[2.0,0.0,4.0,2.5],"tintindex":-2,"rotation":0,"texture":"#0"},"north":{"uv":[0.0,0.0,2.0,2.5],"tintindex":-2,"rotation":0,"texture":"#0"},"west":{"uv":[6.25,8.75,7.0,11.25],"tintindex":-2,"rotation":0,"texture":"#0"},"up":{"uv":[10.25,9.5,8.25,8.75],"tintindex":-2,"rotation":0,"texture":"#0"},"down":{"uv":[2.0,9.0,0.0,9.75],"tintindex":-2,"rotation":0,"texture":"#0"}}},{"from":[3.9899998,9.767767,1.767767],"to":[3.9899998,16.767769,6.767767],"faces":{"east":{"uv":[8.5,1.25,9.75,3.0],"tintindex":-2,"rotation":0,"texture":"#0"},"west":{"uv":[3.0,8.5,4.25,10.25],"tintindex":-2,"rotation":0,"texture":"#0"}},"rotation":{"origin":[8.25,16.767769,4.267767],"angle":-45.0,"axis":"x"}},{"from":[4.0,16.767769,1.767767],"to":[12.0,16.767769,6.767767],"faces":{"up":{"uv":[8.5,6.75,6.5,5.5],"tintindex":-2,"rotation":0,"texture":"#0"},"down":{"uv":[8.5,6.75,6.5,8.0],"tintindex":-2,"rotation":0,"texture":"#0"}},"rotation":{"origin":[7.95,16.767769,4.267767],"angle":-45.0,"axis":"x"}},{"from":[9.0,2.0,11.0],"to":[11.0,10.0,14.0],"faces":{"east":{"uv":[2.0,9.0,2.75,11.0],"tintindex":-2,"rotation":0,"texture":"#0"},"south":{"uv":[9.0,10.25,9.5,12.25],"tintindex":-2,"rotation":0,"texture":"#0"},"north":{"uv":[4.75,10.25,5.25,12.25],"tintindex":-2,"rotation":0,"texture":"#0"},"west":{"uv":[8.25,9.5,9.0,11.5],"tintindex":-2,"rotation":0,"texture":"#0"},"up":{"uv":[9.25,13.0,8.75,12.25],"tintindex":-2,"rotation":0,"texture":"#0"},"down":{"uv":[13.0,3.5,12.5,4.25],"tintindex":-2,"rotation":0,"texture":"#0"}}},{"from":[4.0,2.0,11.0],"to":[6.0,6.0,13.0],"faces":{"east":{"uv":[7.25,12.0,7.75,13.0],"tintindex":-2,"rotation":0,"texture":"#0"},"south":{"uv":[12.0,8.75,12.5,9.75],"tintindex":-2,"rotation":0,"texture":"#0"},"north":{"uv":[6.75,12.0,7.25,13.0],"tintindex":-2,"rotation":0,"texture":"#0"},"west":{"uv":[2.0,12.25,2.5,13.25],"tintindex":-2,"rotation":0,"texture":"#0"},"up":{"uv":[6.5,6.0,6.0,5.5],"tintindex":-2,"rotation":0,"texture":"#0"},"down":{"uv":[8.5,1.25,8.0,1.75],"tintindex":-2,"rotation":0,"texture":"#0"}}},{"from":[12.0,5.07329,4.767767],"to":[13.0,11.07329,5.767767],"faces":{"east":{"uv":[5.25,12.25,5.0,13.75],"tintindex":-2,"rotation":0,"texture":"#0"},"south":{"uv":[1.75,12.0,1.5,13.5],"tintindex":-2,"rotation":0,"texture":"#0"},"north":{"uv":[2.0,6.5,1.75,8.0],"tintindex":-2,"rotation":0,"texture":"#0"},"west":{"uv":[8.25,10.0,8.0,11.5],"tintindex":-2,"rotation":0,"texture":"#0"},"up":{"uv":[11.25,3.75,11.5,3.5],"tintindex":-2,"rotation":0,"texture":"#0"},"down":{"uv":[7.75,11.25,8.0,11.5],"tintindex":-2,"rotation":0,"texture":"#0"}}},{"from":[3.536726,10.771593,4.767767],"to":[4.536726,13.771593,5.767767],"faces":{"east":{"uv":[8.75,11.5,9.0,12.25],"tintindex":-2,"rotation":0,"texture":"#0"},"south":{"uv":[12.5,7.0,12.75,7.75],"tintindex":-2,"rotation":0,"texture":"#0"},"north":{"uv":[10.0,8.0,10.25,8.75],"tintindex":-2,"rotation":0,"texture":"#0"},"west":{"uv":[8.25,12.5,8.5,13.25],"tintindex":-2,"rotation":0,"texture":"#0"},"up":{"uv":[10.0,8.75,9.75,8.5],"tintindex":-2,"rotation":0,"texture":"#0"},"down":{"uv":[11.0,6.5,10.75,6.75],"tintindex":-2,"rotation":0,"texture":"#0"}},"rotation":{"origin":[4.026726,12.271593,5.267767],"angle":-22.5,"axis":"z"}},{"from":[7.0,10.0,1.5],"to":[9.0,11.0,2.5],"faces":{"east":{"uv":[2.75,8.0,3.0,8.25],"tintindex":-2,"rotation":0,"texture":"#0"},"south":{"uv":[11.0,7.75,11.5,8.0],"tintindex":-2,"rotation":0,"texture":"#0"},"north":{"uv":[10.75,2.25,11.25,2.5],"tintindex":-2,"rotation":0,"texture":"#0"},"west":{"uv":[5.5,8.5,5.75,8.75],"tintindex":-2,"rotation":0,"texture":"#0"},"up":{"uv":[12.0,9.0,11.5,8.75],"tintindex":-2,"rotation":0,"texture":"#0"},"down":{"uv":[12.5,6.25,12.0,6.5],"tintindex":-2,"rotation":0,"texture":"#0"}}},{"from":[11.463274,10.771593,4.767767],"to":[12.463274,13.771593,5.767767],"faces":{"east":{"uv":[8.5,12.5,8.25,13.25],"tintindex":-2,"rotation":0,"texture":"#0"},"south":{"uv":[12.75,7.0,12.5,7.75],"tintindex":-2,"rotation":0,"texture":"#0"},"north":{"uv":[10.25,8.0,10.0,8.75],"tintindex":-2,"rotation":0,"texture":"#0"},"west":{"uv":[9.0,11.5,8.75,12.25],"tintindex":-2,"rotation":0,"texture":"#0"},"up":{"uv":[9.75,8.75,10.0,8.5],"tintindex":-2,"rotation":0,"texture":"#0"},"down":{"uv":[10.75,6.5,11.0,6.75],"tintindex":-2,"rotation":0,"texture":"#0"}},"rotation":{"origin":[11.973274,12.271593,5.267767],"angle":22.5,"axis":"z"}},{"from":[12.01,9.767767,1.767767],"to":[12.01,16.767769,6.767767],"faces":{"east":{"uv":[4.25,8.5,3.0,10.25],"tintindex":-2,"rotation":0,"texture":"#0"},"west":{"uv":[9.75,1.25,8.5,3.0],"tintindex":-2,"rotation":0,"texture":"#0"}},"rotation":{"origin":[7.75,16.767769,4.267767],"angle":-45.0,"axis":"x"}},{"from":[4.0,7.0,2.5],"to":[12.0,15.0,10.5],"faces":{"east":{"uv":[2.0,2.5,4.0,4.5],"tintindex":-2,"rotation":0,"texture":"#0"},"south":{"uv":[4.0,0.0,6.0,2.0],"tintindex":-2,"rotation":0,"texture":"#0"},"north":{"uv":[0.0,2.5,2.0,4.5],"tintindex":-2,"rotation":0,"texture":"#0"},"west":{"uv":[4.0,2.0,6.0,4.0],"tintindex":-2,"rotation":0,"texture":"#0"},"up":{"uv":[6.0,6.0,4.0,4.0],"tintindex":-2,"rotation":0,"texture":"#0"},"down":{"uv":[2.0,4.5,0.0,6.5],"tintindex":-2,"rotation":0,"texture":"#0"}}},{"from":[3.0,5.07329,4.767767],"to":[4.0,11.07329,5.767767],"faces":{"east":{"uv":[8.0,10.0,8.25,11.5],"tintindex":-2,"rotation":0,"texture":"#0"},"south":{"uv":[1.5,12.0,1.75,13.5],"tintindex":-2,"rotation":0,"texture":"#0"},"north":{"uv":[1.75,6.5,2.0,8.0],"tintindex":-2,"rotation":0,"texture":"#0"},"west":{"uv":[5.0,12.25,5.25,13.75],"tintindex":-2,"rotation":0,"texture":"#0"},"up":{"uv":[11.5,3.75,11.25,3.5],"tintindex":-2,"rotation":0,"texture":"#0"},"down":{"uv":[8.0,11.25,7.75,11.5],"tintindex":-2,"rotation":0,"texture":"#0"}}},{"from":[4.5,15.0,5.5],"to":[11.5,17.0,12.5],"faces":{"east":{"uv":[9.5,11.25,11.25,11.75],"tintindex":-2,"rotation":0,"texture":"#0"},"south":{"uv":[11.25,11.25,13.0,11.75],"tintindex":-2,"rotation":0,"texture":"#0"},"north":{"uv":[10.75,9.75,12.5,10.25],"tintindex":-2,"rotation":0,"texture":"#0"},"west":{"uv":[0.0,11.5,1.75,12.0],"tintindex":-2,"rotation":0,"texture":"#0"},"up":{"uv":[3.75,8.0,2.0,6.25],"tintindex":-2,"rotation":0,"texture":"#0"},"down":{"uv":[1.75,6.5,0.0,8.25],"tintindex":-2,"rotation":0,"texture":"#0"}}},{"from":[4.5,13.0708885,2.8837242],"to":[11.5,16.070889,7.883724],"faces":{"east":{"uv":[10.75,5.75,12.0,6.5],"tintindex":-2,"rotation":0,"texture":"#0"},"south":{"uv":[0.0,9.75,1.75,10.5],"tintindex":-2,"rotation":0,"texture":"#0"},"north":{"uv":[9.0,9.5,10.75,10.25],"tintindex":-2,"rotation":0,"texture":"#0"},"west":{"uv":[10.75,9.0,12.0,9.75],"tintindex":-2,"rotation":0,"texture":"#0"},"up":{"uv":[10.25,4.25,8.5,3.0],"tintindex":-2,"rotation":0,"texture":"#0"},"down":{"uv":[10.25,4.25,8.5,5.5],"tintindex":-2,"rotation":0,"texture":"#0"}},"rotation":{"origin":[7.0,14.5708885,5.383724],"angle":-22.5,"axis":"x"}}],"display":{"gui":{"rotation":[30,225,0]}}}