{"textures":{"0":"modelengine:entity/pirate"},"elements":[{"from":[6.5,2.0,5.0],"to":[8.5,4.0,8.0],"faces":{"east":{"uv":[3.0,8.0,3.75,8.5],"tintindex":-2,"rotation":0,"texture":"#0"},"south":{"uv":[10.25,9.0,10.75,9.5],"tintindex":-2,"rotation":0,"texture":"#0"},"north":{"uv":[9.75,2.5,10.25,3.0],"tintindex":-2,"rotation":0,"texture":"#0"},"west":{"uv":[12.5,1.5,13.25,2.0],"tintindex":-2,"rotation":0,"texture":"#0"},"up":{"uv":[13.0,5.0,12.5,4.25],"tintindex":-2,"rotation":0,"texture":"#0"},"down":{"uv":[5.75,12.5,5.25,13.25],"tintindex":-2,"rotation":0,"texture":"#0"}}},{"from":[6.5,4.0,5.0],"to":[9.5,8.0,8.0],"faces":{"east":{"uv":[11.75,0.0,12.5,1.0],"tintindex":-2,"rotation":0,"texture":"#0"},"south":{"uv":[11.75,1.0,12.5,2.0],"tintindex":-2,"rotation":0,"texture":"#0"},"north":{"uv":[11.5,10.25,12.25,11.25],"tintindex":-2,"rotation":0,"texture":"#0"},"west":{"uv":[11.75,4.25,12.5,5.25],"tintindex":-2,"rotation":0,"texture":"#0"},"up":{"uv":[12.75,2.75,12.0,2.0],"tintindex":-2,"rotation":0,"texture":"#0"},"down":{"uv":[12.75,2.75,12.0,3.5],"tintindex":-2,"rotation":0,"texture":"#0"}}},{"from":[8.5,3.0,5.0],"to":[9.5,4.0,7.0],"faces":{"east":{"uv":[12.5,5.0,13.0,5.25],"tintindex":-2,"rotation":0,"texture":"#0"},"south":{"uv":[12.5,11.75,12.75,12.0],"tintindex":-2,"rotation":0,"texture":"#0"},"north":{"uv":[11.75,2.0,12.0,2.25],"tintindex":-2,"rotation":0,"texture":"#0"},"west":{"uv":[12.5,6.25,13.0,6.5],"tintindex":-2,"rotation":0,"texture":"#0"},"up":{"uv":[10.75,13.0,10.5,12.5],"tintindex":-2,"rotation":0,"texture":"#0"},"down":{"uv":[11.0,12.5,10.75,13.0],"tintindex":-2,"rotation":0,"texture":"#0"}}}],"display":{"gui":{"rotation":[30,225,0]}}}