{"textures":{"0":"modelengine:entity/pirate"},"elements":[{"from":[4.5,2.0,5.0],"to":[8.5,4.0,10.0],"faces":{"east":{"uv":[11.75,5.25,13.0,5.75],"tintindex":-2,"rotation":0,"texture":"#0"},"south":{"uv":[12.5,0.0,13.5,0.5],"tintindex":-2,"rotation":0,"texture":"#0"},"north":{"uv":[12.25,10.75,13.25,11.25],"tintindex":-2,"rotation":0,"texture":"#0"},"west":{"uv":[11.75,6.5,13.0,7.0],"tintindex":-2,"rotation":0,"texture":"#0"},"up":{"uv":[3.75,11.5,2.75,10.25],"tintindex":-2,"rotation":0,"texture":"#0"},"down":{"uv":[4.75,10.25,3.75,11.5],"tintindex":-2,"rotation":0,"texture":"#0"}}},{"from":[5.0,4.0,5.5],"to":[8.0,9.0,9.5],"faces":{"east":{"uv":[7.0,10.0,8.0,11.25],"tintindex":-2,"rotation":0,"texture":"#0"},"south":{"uv":[6.0,11.25,6.75,12.5],"tintindex":-2,"rotation":0,"texture":"#0"},"north":{"uv":[5.25,11.25,6.0,12.5],"tintindex":-2,"rotation":0,"texture":"#0"},"west":{"uv":[10.25,2.5,11.25,3.75],"tintindex":-2,"rotation":0,"texture":"#0"},"up":{"uv":[8.5,12.5,7.75,11.5],"tintindex":-2,"rotation":0,"texture":"#0"},"down":{"uv":[12.25,7.75,11.5,8.75],"tintindex":-2,"rotation":0,"texture":"#0"}}}],"display":{"gui":{"rotation":[30,225,0]}}}