{"textures":{"0":"modelengine:entity/pirate"},"elements":[{"from":[5.0,4.0,6.5],"to":[8.0,9.0,9.5],"faces":{"east":{"uv":[2.0,11.0,2.75,12.25],"tintindex":-2,"rotation":0,"texture":"#0"},"south":{"uv":[11.0,6.5,11.75,7.75],"tintindex":-2,"rotation":0,"texture":"#0"},"north":{"uv":[11.0,0.0,11.75,1.25],"tintindex":-2,"rotation":0,"texture":"#0"},"west":{"uv":[11.25,2.25,12.0,3.5],"tintindex":-2,"rotation":0,"texture":"#0"},"up":{"uv":[6.5,8.0,5.75,7.25],"tintindex":-2,"rotation":0,"texture":"#0"},"down":{"uv":[12.5,7.0,11.75,7.75],"tintindex":-2,"rotation":0,"texture":"#0"}}}],"display":{"gui":{"rotation":[30,225,0]}}}