{"textures":{"0":"modelengine:entity/pirate"},"elements":[{"from":[8.0,-3.0,4.0],"to":[8.0,2.0,9.0],"faces":{"east":{"uv":[12.75,2.25,14.0,3.5],"tintindex":-2,"rotation":0,"texture":"#0"},"south":{"uv":[15.0,0.0,14.25,0.75],"tintindex":-2,"rotation":0,"texture":"#0"},"north":{"uv":[14.25,0.0,13.5,0.75],"tintindex":-2,"rotation":0,"texture":"#0"},"west":{"uv":[14.0,2.25,12.75,3.5],"tintindex":-2,"rotation":0,"texture":"#0"},"up":{"uv":[14.25,1.5,15.0,0.75],"tintindex":-2,"rotation":0,"texture":"#0"},"down":{"uv":[15.0,0.75,15.75,1.5],"tintindex":-2,"rotation":0,"texture":"#0"}}},{"from":[6.5,2.0,5.0],"to":[9.5,5.0,8.0],"faces":{"east":{"uv":[14.25,0.75,13.5,1.5],"tintindex":-2,"rotation":0,"texture":"#0"},"south":{"uv":[15.0,0.0,14.25,0.75],"tintindex":-2,"rotation":0,"texture":"#0"},"north":{"uv":[14.25,0.0,13.5,0.75],"tintindex":-2,"rotation":0,"texture":"#0"},"west":{"uv":[15.75,0.0,15.0,0.75],"tintindex":-2,"rotation":0,"texture":"#0"},"up":{"uv":[14.25,1.5,15.0,0.75],"tintindex":-2,"rotation":0,"texture":"#0"},"down":{"uv":[15.0,0.75,15.75,1.5],"tintindex":-2,"rotation":0,"texture":"#0"}}},{"from":[6.5,5.0,5.0],"to":[9.5,8.0,8.0],"faces":{"east":{"uv":[12.5,4.25,11.75,5.0],"tintindex":-2,"rotation":0,"texture":"#0"},"south":{"uv":[12.5,1.0,11.75,1.75],"tintindex":-2,"rotation":0,"texture":"#0"},"north":{"uv":[12.25,10.25,11.5,11.0],"tintindex":-2,"rotation":0,"texture":"#0"},"west":{"uv":[12.5,0.0,11.75,0.75],"tintindex":-2,"rotation":0,"texture":"#0"},"up":{"uv":[12.0,2.75,12.75,2.0],"tintindex":-2,"rotation":0,"texture":"#0"},"down":{"uv":[12.0,2.75,12.75,3.5],"tintindex":-2,"rotation":0,"texture":"#0"}}}],"display":{"gui":{"rotation":[30,225,0]}}}