{"textures":{"0":"modelengine:entity/pirate"},"elements":[{"from":[6.5,0.0,8.0],"to":[9.5,8.0,11.0],"faces":{"east":{"uv":[3.25,12.75,2.5,14.75],"tintindex":-2,"rotation":0,"texture":"#0"},"south":{"uv":[1.5,12.75,0.75,14.75],"tintindex":-2,"rotation":0,"texture":"#0"},"north":{"uv":[0.75,12.75,0.0,14.75],"tintindex":-2,"rotation":0,"texture":"#0"},"west":{"uv":[4.0,12.75,3.25,14.75],"tintindex":-2,"rotation":0,"texture":"#0"},"up":{"uv":[0.0,12.75,0.75,12.0],"tintindex":-2,"rotation":0,"texture":"#0"},"down":{"uv":[0.75,12.0,1.5,12.75],"tintindex":-2,"rotation":0,"texture":"#0"}}},{"from":[6.5,0.0,6.5],"to":[9.5,2.0,8.0],"faces":{"east":{"uv":[10.375,12.5,10.0,13.0],"tintindex":-2,"rotation":0,"texture":"#0"},"south":{"uv":[13.0,10.25,12.25,10.75],"tintindex":-2,"rotation":0,"texture":"#0"},"north":{"uv":[13.0,8.25,12.25,8.75],"tintindex":-2,"rotation":0,"texture":"#0"},"west":{"uv":[10.375,12.5,10.0,13.0],"tintindex":-2,"rotation":0,"texture":"#0"},"up":{"uv":[9.75,6.375,10.5,6.0],"tintindex":-2,"rotation":0,"texture":"#0"},"down":{"uv":[8.75,5.75,9.5,6.125],"tintindex":-2,"rotation":0,"texture":"#0"}}}],"display":{"gui":{"rotation":[30,225,0]}}}