{"textures":{"0":"modelengine:entity/pirate"},"elements":[{"from":[7.5,2.0,5.0],"to":[11.5,4.0,10.0],"faces":{"east":{"uv":[13.0,6.5,11.75,7.0],"tintindex":-2,"rotation":0,"texture":"#0"},"south":{"uv":[13.5,0.0,12.5,0.5],"tintindex":-2,"rotation":0,"texture":"#0"},"north":{"uv":[13.25,10.75,12.25,11.25],"tintindex":-2,"rotation":0,"texture":"#0"},"west":{"uv":[13.0,5.25,11.75,5.75],"tintindex":-2,"rotation":0,"texture":"#0"},"up":{"uv":[2.75,11.5,3.75,10.25],"tintindex":-2,"rotation":0,"texture":"#0"},"down":{"uv":[3.75,10.25,4.75,11.5],"tintindex":-2,"rotation":0,"texture":"#0"}}},{"from":[8.0,4.0,5.5],"to":[11.0,9.0,9.5],"faces":{"east":{"uv":[11.25,2.5,10.25,3.75],"tintindex":-2,"rotation":0,"texture":"#0"},"south":{"uv":[6.75,11.25,6.0,12.5],"tintindex":-2,"rotation":0,"texture":"#0"},"north":{"uv":[6.0,11.25,5.25,12.5],"tintindex":-2,"rotation":0,"texture":"#0"},"west":{"uv":[8.0,10.0,7.0,11.25],"tintindex":-2,"rotation":0,"texture":"#0"},"up":{"uv":[7.75,12.5,8.5,11.5],"tintindex":-2,"rotation":0,"texture":"#0"},"down":{"uv":[11.5,7.75,12.25,8.75],"tintindex":-2,"rotation":0,"texture":"#0"}}}],"display":{"gui":{"rotation":[30,225,0]}}}