{"textures":{"0":"modelengine:entity/pirate"},"elements":[{"from":[8.0,4.0,6.5],"to":[11.0,9.0,9.5],"faces":{"east":{"uv":[12.0,2.25,11.25,3.5],"tintindex":-2,"rotation":0,"texture":"#0"},"south":{"uv":[11.75,6.5,11.0,7.75],"tintindex":-2,"rotation":0,"texture":"#0"},"north":{"uv":[11.75,0.0,11.0,1.25],"tintindex":-2,"rotation":0,"texture":"#0"},"west":{"uv":[2.75,11.0,2.0,12.25],"tintindex":-2,"rotation":0,"texture":"#0"},"up":{"uv":[5.75,8.0,6.5,7.25],"tintindex":-2,"rotation":0,"texture":"#0"},"down":{"uv":[11.75,7.0,12.5,7.75],"tintindex":-2,"rotation":0,"texture":"#0"}}}],"display":{"gui":{"rotation":[30,225,0]}}}