{"textures":{"0":"modelengine:entity/tavern"},"elements":[{"from":[3.5,7.0,3.0],"to":[6.5,9.0,8.0],"faces":{"east":{"uv":[11.275,6.775,12.475,7.225],"tintindex":-2,"rotation":0,"texture":"#0"},"south":{"uv":[4.775,12.275,5.475,12.725],"tintindex":-2,"rotation":0,"texture":"#0"},"north":{"uv":[8.275,1.025,8.975,1.475],"tintindex":-2,"rotation":0,"texture":"#0"},"west":{"uv":[11.775,2.525,12.975,2.975],"tintindex":-2,"rotation":0,"texture":"#0"},"up":{"uv":[10.475,11.975,9.775,10.775],"tintindex":-2,"rotation":0,"texture":"#0"},"down":{"uv":[1.475,11.275,0.775,12.475],"tintindex":-2,"rotation":0,"texture":"#0"}}},{"from":[11.5,9.0,6.0],"to":[12.5,14.0,8.0],"faces":{"east":{"uv":[7.725,11.525,7.275,12.725],"tintindex":-2,"rotation":0,"texture":"#0"},"south":{"uv":[12.475,10.525,12.275,11.725],"tintindex":-2,"rotation":0,"texture":"#0"},"north":{"uv":[0.725,12.025,0.525,13.225],"tintindex":-2,"rotation":0,"texture":"#0"},"west":{"uv":[3.225,11.525,2.775,12.725],"tintindex":-2,"rotation":0,"texture":"#0"},"up":{"uv":[3.275,10.725,3.475,10.275],"tintindex":-2,"rotation":0,"texture":"#0"},"down":{"uv":[4.275,11.025,4.475,11.475],"tintindex":-2,"rotation":0,"texture":"#0"}}},{"from":[3.5,9.0,6.0],"to":[4.5,14.0,8.0],"faces":{"east":{"uv":[2.775,11.525,3.225,12.725],"tintindex":-2,"rotation":0,"texture":"#0"},"south":{"uv":[12.275,10.525,12.475,11.725],"tintindex":-2,"rotation":0,"texture":"#0"},"north":{"uv":[0.525,12.025,0.725,13.225],"tintindex":-2,"rotation":0,"texture":"#0"},"west":{"uv":[7.275,11.525,7.725,12.725],"tintindex":-2,"rotation":0,"texture":"#0"},"up":{"uv":[3.475,10.725,3.275,10.275],"tintindex":-2,"rotation":0,"texture":"#0"},"down":{"uv":[4.475,11.025,4.275,11.475],"tintindex":-2,"rotation":0,"texture":"#0"}}},{"from":[3.7273068,10.0,7.8435826],"to":[4.7273064,13.0,9.843582],"faces":{"east":{"uv":[1.275,7.525,1.725,8.225],"tintindex":-2,"rotation":0,"texture":"#0"},"south":{"uv":[1.775,6.025,1.975,6.725],"tintindex":-2,"rotation":0,"texture":"#0"},"north":{"uv":[4.275,5.525,4.475,6.225],"tintindex":-2,"rotation":0,"texture":"#0"},"west":{"uv":[0.775,10.525,1.225,11.225],"tintindex":-2,"rotation":0,"texture":"#0"},"up":{"uv":[4.475,11.975,4.275,11.525],"tintindex":-2,"rotation":0,"texture":"#0"},"down":{"uv":[1.475,12.525,1.275,12.975],"tintindex":-2,"rotation":0,"texture":"#0"}},"rotation":{"origin":[5.2273064,13.5,7.8435826],"angle":-22.5,"axis":"y"}},{"from":[4.0,8.0,3.5],"to":[12.0,16.0,11.5],"faces":{"east":{"uv":[0.025,2.025,1.975,3.975],"tintindex":-2,"rotation":0,"texture":"#0"},"south":{"uv":[2.025,0.025,3.975,1.975],"tintindex":-2,"rotation":0,"texture":"#0"},"north":{"uv":[0.025,0.025,1.975,1.975],"tintindex":-2,"rotation":0,"texture":"#0"},"west":{"uv":[2.025,2.025,3.975,3.975],"tintindex":-2,"rotation":0,"texture":"#0"},"up":{"uv":[1.975,5.975,0.025,4.025],"tintindex":-2,"rotation":0,"texture":"#0"},"down":{"uv":[5.975,0.025,4.025,1.975],"tintindex":-2,"rotation":0,"texture":"#0"}}},{"from":[3.5,13.0,8.0],"to":[4.5,14.0,10.0],"faces":{"east":{"uv":[4.775,12.025,5.225,12.225],"tintindex":-2,"rotation":0,"texture":"#0"},"south":{"uv":[9.525,2.525,9.725,2.725],"tintindex":-2,"rotation":0,"texture":"#0"},"north":{"uv":[1.775,6.775,1.975,6.975],"tintindex":-2,"rotation":0,"texture":"#0"},"west":{"uv":[12.525,1.525,12.975,1.725],"tintindex":-2,"rotation":0,"texture":"#0"},"up":{"uv":[12.725,2.225,12.525,1.775],"tintindex":-2,"rotation":0,"texture":"#0"},"down":{"uv":[2.225,12.525,2.025,12.975],"tintindex":-2,"rotation":0,"texture":"#0"}}},{"from":[11.5,13.0,8.0],"to":[12.5,14.0,10.0],"faces":{"east":{"uv":[12.975,1.525,12.525,1.725],"tintindex":-2,"rotation":0,"texture":"#0"},"south":{"uv":[9.725,2.525,9.525,2.725],"tintindex":-2,"rotation":0,"texture":"#0"},"north":{"uv":[1.975,6.775,1.775,6.975],"tintindex":-2,"rotation":0,"texture":"#0"},"west":{"uv":[5.225,12.025,4.775,12.225],"tintindex":-2,"rotation":0,"texture":"#0"},"up":{"uv":[12.525,2.225,12.725,1.775],"tintindex":-2,"rotation":0,"texture":"#0"},"down":{"uv":[2.025,12.525,2.225,12.975],"tintindex":-2,"rotation":0,"texture":"#0"}}},{"from":[3.5,11.0,10.0],"to":[12.5,14.0,12.0],"faces":{"east":{"uv":[11.025,12.025,11.475,12.725],"tintindex":-2,"rotation":0,"texture":"#0"},"south":{"uv":[9.025,1.775,11.225,2.475],"tintindex":-2,"rotation":0,"texture":"#0"},"north":{"uv":[9.025,1.025,11.225,1.725],"tintindex":-2,"rotation":0,"texture":"#0"},"west":{"uv":[5.525,12.275,5.975,12.975],"tintindex":-2,"rotation":0,"texture":"#0"},"up":{"uv":[12.475,7.725,10.275,7.275],"tintindex":-2,"rotation":0,"texture":"#0"},"down":{"uv":[12.475,7.775,10.275,8.225],"tintindex":-2,"rotation":0,"texture":"#0"}}},{"from":[5.0,9.0,2.5],"to":[11.0,11.0,3.5],"faces":{"east":{"uv":[6.525,2.775,6.725,3.225],"tintindex":-2,"rotation":0,"texture":"#0"},"south":{"uv":[11.275,5.275,12.725,5.725],"tintindex":-2,"rotation":0,"texture":"#0"},"north":{"uv":[11.275,4.775,12.725,5.225],"tintindex":-2,"rotation":0,"texture":"#0"},"west":{"uv":[5.775,9.525,5.975,9.975],"tintindex":-2,"rotation":0,"texture":"#0"},"up":{"uv":[13.725,0.975,12.275,0.775],"tintindex":-2,"rotation":0,"texture":"#0"},"down":{"uv":[13.725,4.025,12.275,4.225],"tintindex":-2,"rotation":0,"texture":"#0"}}},{"from":[11.272694,10.0,7.8435826],"to":[12.272694,13.0,9.843582],"faces":{"east":{"uv":[1.225,10.525,0.775,11.225],"tintindex":-2,"rotation":0,"texture":"#0"},"south":{"uv":[1.975,6.025,1.775,6.725],"tintindex":-2,"rotation":0,"texture":"#0"},"north":{"uv":[4.475,5.525,4.275,6.225],"tintindex":-2,"rotation":0,"texture":"#0"},"west":{"uv":[1.725,7.525,1.275,8.225],"tintindex":-2,"rotation":0,"texture":"#0"},"up":{"uv":[4.275,11.975,4.475,11.525],"tintindex":-2,"rotation":0,"texture":"#0"},"down":{"uv":[1.275,12.525,1.475,12.975],"tintindex":-2,"rotation":0,"texture":"#0"}},"rotation":{"origin":[10.772694,13.5,7.8435826],"angle":22.5,"axis":"y"}},{"from":[7.0,11.0,2.5],"to":[9.0,12.0,3.5],"faces":{"east":{"uv":[4.275,6.275,4.475,6.475],"tintindex":-2,"rotation":0,"texture":"#0"},"south":{"uv":[9.025,2.525,9.475,2.725],"tintindex":-2,"rotation":0,"texture":"#0"},"north":{"uv":[8.525,8.275,8.975,8.475],"tintindex":-2,"rotation":0,"texture":"#0"},"west":{"uv":[6.525,3.275,6.725,3.475],"tintindex":-2,"rotation":0,"texture":"#0"},"up":{"uv":[8.225,10.725,7.775,10.525],"tintindex":-2,"rotation":0,"texture":"#0"},"down":{"uv":[11.225,3.525,10.775,3.725],"tintindex":-2,"rotation":0,"texture":"#0"}}},{"from":[9.5,7.0,3.0],"to":[12.5,9.0,8.0],"faces":{"east":{"uv":[12.975,2.525,11.775,2.975],"tintindex":-2,"rotation":0,"texture":"#0"},"south":{"uv":[5.475,12.275,4.775,12.725],"tintindex":-2,"rotation":0,"texture":"#0"},"north":{"uv":[8.975,1.025,8.275,1.475],"tintindex":-2,"rotation":0,"texture":"#0"},"west":{"uv":[12.475,6.775,11.275,7.225],"tintindex":-2,"rotation":0,"texture":"#0"},"up":{"uv":[9.775,11.975,10.475,10.775],"tintindex":-2,"rotation":0,"texture":"#0"},"down":{"uv":[0.775,11.275,1.475,12.475],"tintindex":-2,"rotation":0,"texture":"#0"}}}],"display":{"gui":{"rotation":[30,225,0]}}}