{"textures":{"0":"modelengine:entity/tavern"},"elements":[{"from":[6.5,5.0,4.0],"to":[9.5,8.0,8.0],"faces":{"east":{"uv":[12.475,9.775,11.525,10.475],"tintindex":-2,"rotation":0,"texture":"#0"},"south":{"uv":[12.975,0.025,12.275,0.725],"tintindex":-2,"rotation":0,"texture":"#0"},"north":{"uv":[10.975,12.025,10.275,12.725],"tintindex":-2,"rotation":0,"texture":"#0"},"west":{"uv":[12.475,9.025,11.525,9.725],"tintindex":-2,"rotation":0,"texture":"#0"},"up":{"uv":[11.525,11.475,12.225,10.525],"tintindex":-2,"rotation":0,"texture":"#0"},"down":{"uv":[11.525,11.525,12.225,12.475],"tintindex":-2,"rotation":0,"texture":"#0"}}},{"from":[7.0,-1.5,8.5],"to":[9.0,0.5,9.5],"faces":{"east":{"uv":[12.725,9.025,12.525,9.475],"tintindex":-2,"rotation":0,"texture":"#0"},"south":{"uv":[12.975,1.025,12.525,1.475],"tintindex":-2,"rotation":0,"texture":"#0"},"north":{"uv":[1.225,12.525,0.775,12.975],"tintindex":-2,"rotation":0,"texture":"#0"},"west":{"uv":[12.725,7.775,12.525,8.225],"tintindex":-2,"rotation":0,"texture":"#0"},"up":{"uv":[12.525,9.725,12.975,9.525],"tintindex":-2,"rotation":0,"texture":"#0"},"down":{"uv":[12.525,9.775,12.975,9.975],"tintindex":-2,"rotation":0,"texture":"#0"}}},{"from":[6.0,-5.5,2.0],"to":[10.0,-1.5,10.0],"faces":{"east":{"uv":[10.225,4.275,8.275,5.225],"tintindex":-2,"rotation":0,"texture":"#0"},"south":{"uv":[4.225,11.025,3.275,11.975],"tintindex":-2,"rotation":0,"texture":"#0"},"north":{"uv":[9.725,10.775,8.775,11.725],"tintindex":-2,"rotation":0,"texture":"#0"},"west":{"uv":[10.225,0.025,8.275,0.975],"tintindex":-2,"rotation":0,"texture":"#0"},"up":{"uv":[2.525,10.225,3.475,8.275],"tintindex":-2,"rotation":0,"texture":"#0"},"down":{"uv":[8.275,5.275,9.225,7.225],"tintindex":-2,"rotation":0,"texture":"#0"}}},{"from":[6.0,-1.0,3.5],"to":[8.0,1.0,6.5],"faces":{"east":{"uv":[12.975,8.275,12.275,8.725],"tintindex":-2,"rotation":0,"texture":"#0"},"south":{"uv":[7.225,10.025,6.775,10.475],"tintindex":-2,"rotation":0,"texture":"#0"},"north":{"uv":[10.225,3.775,9.775,4.225],"tintindex":-2,"rotation":0,"texture":"#0"},"west":{"uv":[8.475,12.275,7.775,12.725],"tintindex":-2,"rotation":0,"texture":"#0"},"up":{"uv":[6.025,12.975,6.475,12.275],"tintindex":-2,"rotation":0,"texture":"#0"},"down":{"uv":[8.525,12.275,8.975,12.975],"tintindex":-2,"rotation":0,"texture":"#0"}}},{"from":[6.0,1.0,3.5],"to":[10.0,5.0,8.5],"faces":{"east":{"uv":[11.475,3.775,10.275,4.725],"tintindex":-2,"rotation":0,"texture":"#0"},"south":{"uv":[8.725,10.775,7.775,11.725],"tintindex":-2,"rotation":0,"texture":"#0"},"north":{"uv":[11.725,2.525,10.775,3.475],"tintindex":-2,"rotation":0,"texture":"#0"},"west":{"uv":[11.475,0.025,10.275,0.975],"tintindex":-2,"rotation":0,"texture":"#0"},"up":{"uv":[10.275,5.975,11.225,4.775],"tintindex":-2,"rotation":0,"texture":"#0"},"down":{"uv":[10.275,6.025,11.225,7.225],"tintindex":-2,"rotation":0,"texture":"#0"}}},{"from":[7.0,-1.5,2.5],"to":[9.0,0.5,3.5],"faces":{"east":{"uv":[7.225,12.525,7.025,12.975],"tintindex":-2,"rotation":0,"texture":"#0"},"south":{"uv":[12.725,12.275,12.275,12.725],"tintindex":-2,"rotation":0,"texture":"#0"},"north":{"uv":[12.725,11.775,12.275,12.225],"tintindex":-2,"rotation":0,"texture":"#0"},"west":{"uv":[12.725,6.775,12.525,7.225],"tintindex":-2,"rotation":0,"texture":"#0"},"up":{"uv":[12.525,7.475,12.975,7.275],"tintindex":-2,"rotation":0,"texture":"#0"},"down":{"uv":[12.525,7.525,12.975,7.725],"tintindex":-2,"rotation":0,"texture":"#0"}}},{"from":[8.0,-1.0,3.5],"to":[10.0,1.0,8.5],"faces":{"east":{"uv":[8.975,11.775,7.775,12.225],"tintindex":-2,"rotation":0,"texture":"#0"},"south":{"uv":[6.475,1.525,6.025,1.975],"tintindex":-2,"rotation":0,"texture":"#0"},"north":{"uv":[4.475,3.525,4.025,3.975],"tintindex":-2,"rotation":0,"texture":"#0"},"west":{"uv":[12.975,3.025,11.775,3.475],"tintindex":-2,"rotation":0,"texture":"#0"},"up":{"uv":[9.025,12.975,9.475,11.775],"tintindex":-2,"rotation":0,"texture":"#0"},"down":{"uv":[0.025,12.025,0.475,13.225],"tintindex":-2,"rotation":0,"texture":"#0"}}},{"from":[7.0,0.5,2.5],"to":[9.0,1.5,9.5],"faces":{"east":{"uv":[13.725,6.525,12.025,6.725],"tintindex":-2,"rotation":0,"texture":"#0"},"south":{"uv":[6.975,12.525,6.525,12.725],"tintindex":-2,"rotation":0,"texture":"#0"},"north":{"uv":[12.975,2.275,12.525,2.475],"tintindex":-2,"rotation":0,"texture":"#0"},"west":{"uv":[13.225,4.525,11.525,4.725],"tintindex":-2,"rotation":0,"texture":"#0"},"up":{"uv":[5.275,12.225,5.725,10.525],"tintindex":-2,"rotation":0,"texture":"#0"},"down":{"uv":[1.525,11.275,1.975,12.975],"tintindex":-2,"rotation":0,"texture":"#0"}}},{"from":[5.5,-6.0,1.0],"to":[10.5,-1.0,3.0],"faces":{"east":{"uv":[16.0,3.75,15.5,5.0],"tintindex":-2,"rotation":0,"texture":"#0"},"south":{"uv":[16.0,1.25,14.75,2.5],"tintindex":-2,"rotation":0,"texture":"#0"},"north":{"uv":[16.0,0.0,14.75,1.25],"tintindex":-2,"rotation":0,"texture":"#0"},"west":{"uv":[16.0,2.5,15.5,3.75],"tintindex":-2,"rotation":0,"texture":"#0"},"up":{"uv":[14.75,5.5,16.0,5.0],"tintindex":-2,"rotation":0,"texture":"#0"},"down":{"uv":[14.75,5.5,16.0,6.0],"tintindex":-2,"rotation":0,"texture":"#0"}}}],"display":{"gui":{"rotation":[30,225,0]}}}