{"textures":{"0":"modelengine:entity/tavern"},"elements":[{"from":[8.0,2.999999,6.0],"to":[11.0,7.0,10.0],"faces":{"east":{"uv":[11.475,10.275,10.525,11.225],"tintindex":-2,"rotation":0,"texture":"#0"},"south":{"uv":[2.725,11.525,2.025,12.475],"tintindex":-2,"rotation":0,"texture":"#0"},"north":{"uv":[12.225,0.025,11.525,0.975],"tintindex":-2,"rotation":0,"texture":"#0"},"west":{"uv":[11.475,9.275,10.525,10.225],"tintindex":-2,"rotation":0,"texture":"#0"},"up":{"uv":[11.525,4.475,12.225,3.525],"tintindex":-2,"rotation":0,"texture":"#0"},"down":{"uv":[6.525,11.525,7.225,12.475],"tintindex":-2,"rotation":0,"texture":"#0"}}},{"from":[7.5,7.0,5.5],"to":[11.5,10.0,10.5],"faces":{"east":{"uv":[12.475,1.775,11.275,2.475],"tintindex":-2,"rotation":0,"texture":"#0"},"south":{"uv":[11.475,11.275,10.525,11.975],"tintindex":-2,"rotation":0,"texture":"#0"},"north":{"uv":[12.225,8.275,11.275,8.975],"tintindex":-2,"rotation":0,"texture":"#0"},"west":{"uv":[12.475,1.025,11.275,1.725],"tintindex":-2,"rotation":0,"texture":"#0"},"up":{"uv":[5.775,11.225,6.725,10.025],"tintindex":-2,"rotation":0,"texture":"#0"},"down":{"uv":[2.275,10.275,3.225,11.475],"tintindex":-2,"rotation":0,"texture":"#0"}}}],"display":{"gui":{"rotation":[30,225,0]}}}