{"textures":{"0":"modelengine:entity/tavern"},"elements":[{"from":[6.5,5.0,8.0],"to":[9.5,8.0,11.0],"faces":{"east":{"uv":[4.725,12.025,4.025,12.725],"tintindex":-2,"rotation":0,"texture":"#0"},"south":{"uv":[3.975,12.025,3.275,12.725],"tintindex":-2,"rotation":0,"texture":"#0"},"north":{"uv":[4.225,7.025,3.525,7.725],"tintindex":-2,"rotation":0,"texture":"#0"},"west":{"uv":[6.725,7.775,6.025,8.475],"tintindex":-2,"rotation":0,"texture":"#0"},"up":{"uv":[12.025,6.475,12.725,5.775],"tintindex":-2,"rotation":0,"texture":"#0"},"down":{"uv":[9.525,12.025,10.225,12.725],"tintindex":-2,"rotation":0,"texture":"#0"}}},{"from":[6.0,0.0,7.5],"to":[10.0,5.0,11.5],"faces":{"east":{"uv":[2.225,10.025,1.275,11.225],"tintindex":-2,"rotation":0,"texture":"#0"},"south":{"uv":[10.725,2.525,9.775,3.725],"tintindex":-2,"rotation":0,"texture":"#0"},"north":{"uv":[9.475,9.525,8.525,10.725],"tintindex":-2,"rotation":0,"texture":"#0"},"west":{"uv":[10.475,9.525,9.525,10.725],"tintindex":-2,"rotation":0,"texture":"#0"},"up":{"uv":[10.275,9.225,11.225,8.275],"tintindex":-2,"rotation":0,"texture":"#0"},"down":{"uv":[6.775,10.525,7.725,11.475],"tintindex":-2,"rotation":0,"texture":"#0"}}},{"from":[6.0,0.0,6.5],"to":[10.0,2.0,7.5],"faces":{"east":{"uv":[2.725,12.525,2.525,12.975],"tintindex":-2,"rotation":0,"texture":"#0"},"south":{"uv":[13.225,3.525,12.275,3.975],"tintindex":-2,"rotation":0,"texture":"#0"},"north":{"uv":[10.225,6.775,9.275,7.225],"tintindex":-2,"rotation":0,"texture":"#0"},"west":{"uv":[2.475,12.525,2.275,12.975],"tintindex":-2,"rotation":0,"texture":"#0"},"up":{"uv":[12.275,4.475,13.225,4.275],"tintindex":-2,"rotation":0,"texture":"#0"},"down":{"uv":[12.275,8.775,13.225,8.975],"tintindex":-2,"rotation":0,"texture":"#0"}}}],"display":{"gui":{"rotation":[30,225,0]}}}