{"textures":{"0":"modelengine:entity/tavern"},"elements":[{"from":[4.5,7.0,5.5],"to":[8.5,10.0,10.5],"faces":{"east":{"uv":[11.275,1.025,12.475,1.725],"tintindex":-2,"rotation":0,"texture":"#0"},"south":{"uv":[10.525,11.275,11.475,11.975],"tintindex":-2,"rotation":0,"texture":"#0"},"north":{"uv":[11.275,8.275,12.225,8.975],"tintindex":-2,"rotation":0,"texture":"#0"},"west":{"uv":[11.275,1.775,12.475,2.475],"tintindex":-2,"rotation":0,"texture":"#0"},"up":{"uv":[6.725,11.225,5.775,10.025],"tintindex":-2,"rotation":0,"texture":"#0"},"down":{"uv":[3.225,10.275,2.275,11.475],"tintindex":-2,"rotation":0,"texture":"#0"}}},{"from":[5.0,2.999999,6.0],"to":[8.0,7.0,10.0],"faces":{"east":{"uv":[10.525,9.275,11.475,10.225],"tintindex":-2,"rotation":0,"texture":"#0"},"south":{"uv":[2.025,11.525,2.725,12.475],"tintindex":-2,"rotation":0,"texture":"#0"},"north":{"uv":[11.525,0.025,12.225,0.975],"tintindex":-2,"rotation":0,"texture":"#0"},"west":{"uv":[10.525,10.275,11.475,11.225],"tintindex":-2,"rotation":0,"texture":"#0"},"up":{"uv":[12.225,4.475,11.525,3.525],"tintindex":-2,"rotation":0,"texture":"#0"},"down":{"uv":[7.225,11.525,6.525,12.475],"tintindex":-2,"rotation":0,"texture":"#0"}}}],"display":{"gui":{"rotation":[30,225,0]}}}