{"textures":{"0":"modelengine:entity/tavern"},"elements":[{"from":[6.5,3.0,6.0],"to":[9.5,9.0,10.0],"faces":{"east":{"uv":[9.275,5.275,10.225,6.725],"tintindex":-2,"rotation":0,"texture":"#0"},"south":{"uv":[4.525,10.525,5.225,11.975],"tintindex":-2,"rotation":0,"texture":"#0"},"north":{"uv":[0.025,10.525,0.725,11.975],"tintindex":-2,"rotation":0,"texture":"#0"},"west":{"uv":[3.525,9.525,4.475,10.975],"tintindex":-2,"rotation":0,"texture":"#0"},"up":{"uv":[6.475,12.225,5.775,11.275],"tintindex":-2,"rotation":0,"texture":"#0"},"down":{"uv":[11.975,5.775,11.275,6.725],"tintindex":-2,"rotation":0,"texture":"#0"}}}],"display":{"gui":{"rotation":[30,225,0]}}}