{"textures":{"0":"modelengine:entity/tavern"},"elements":[{"from":[6.5,5.0,8.0],"to":[9.5,8.0,11.0],"faces":{"east":{"uv":[6.025,7.775,6.725,8.475],"tintindex":-2,"rotation":0,"texture":"#0"},"south":{"uv":[3.275,12.025,3.975,12.725],"tintindex":-2,"rotation":0,"texture":"#0"},"north":{"uv":[3.525,7.025,4.225,7.725],"tintindex":-2,"rotation":0,"texture":"#0"},"west":{"uv":[4.025,12.025,4.725,12.725],"tintindex":-2,"rotation":0,"texture":"#0"},"up":{"uv":[12.725,6.475,12.025,5.775],"tintindex":-2,"rotation":0,"texture":"#0"},"down":{"uv":[10.225,12.025,9.525,12.725],"tintindex":-2,"rotation":0,"texture":"#0"}}},{"from":[6.0,0.0,6.5],"to":[10.0,2.0,7.5],"faces":{"east":{"uv":[2.275,12.525,2.475,12.975],"tintindex":-2,"rotation":0,"texture":"#0"},"south":{"uv":[12.275,3.525,13.225,3.975],"tintindex":-2,"rotation":0,"texture":"#0"},"north":{"uv":[9.275,6.775,10.225,7.225],"tintindex":-2,"rotation":0,"texture":"#0"},"west":{"uv":[2.525,12.525,2.725,12.975],"tintindex":-2,"rotation":0,"texture":"#0"},"up":{"uv":[13.225,4.475,12.275,4.275],"tintindex":-2,"rotation":0,"texture":"#0"},"down":{"uv":[13.225,8.775,12.275,8.975],"tintindex":-2,"rotation":0,"texture":"#0"}}},{"from":[6.0,0.0,7.5],"to":[10.0,5.0,11.5],"faces":{"east":{"uv":[9.525,9.525,10.475,10.725],"tintindex":-2,"rotation":0,"texture":"#0"},"south":{"uv":[9.775,2.525,10.725,3.725],"tintindex":-2,"rotation":0,"texture":"#0"},"north":{"uv":[8.525,9.525,9.475,10.725],"tintindex":-2,"rotation":0,"texture":"#0"},"west":{"uv":[1.275,10.025,2.225,11.225],"tintindex":-2,"rotation":0,"texture":"#0"},"up":{"uv":[11.225,9.225,10.275,8.275],"tintindex":-2,"rotation":0,"texture":"#0"},"down":{"uv":[7.725,10.525,6.775,11.475],"tintindex":-2,"rotation":0,"texture":"#0"}}}],"display":{"gui":{"rotation":[30,225,0]}}}