{"textures":{"0":"modelengine:entity/tavern"},"elements":[{"from":[5.5,15.000001,4.5],"to":[10.5,20.0,9.5],"faces":{"east":{"uv":[3.525,7.775,4.725,8.975],"tintindex":-2,"rotation":0,"texture":"#0"},"south":{"uv":[4.775,7.775,5.975,8.975],"tintindex":-2,"rotation":0,"texture":"#0"},"north":{"uv":[0.025,7.525,1.225,8.725],"tintindex":-2,"rotation":0,"texture":"#0"},"west":{"uv":[1.275,8.275,2.475,9.475],"tintindex":-2,"rotation":0,"texture":"#0"},"up":{"uv":[10.225,9.475,9.025,8.275],"tintindex":-2,"rotation":0,"texture":"#0"},"down":{"uv":[1.225,9.275,0.025,10.475],"tintindex":-2,"rotation":0,"texture":"#0"}}},{"from":[3.0,11.000001,5.5],"to":[13.0,17.0,10.5],"faces":{"east":{"uv":[8.525,2.775,9.725,4.225],"tintindex":-2,"rotation":0,"texture":"#0"},"south":{"uv":[4.025,2.025,6.475,3.475],"tintindex":-2,"rotation":0,"texture":"#0"},"north":{"uv":[2.025,4.025,4.475,5.475],"tintindex":-2,"rotation":0,"texture":"#0"},"west":{"uv":[6.025,8.525,7.225,9.975],"tintindex":-2,"rotation":0,"texture":"#0"},"up":{"uv":[8.975,2.725,6.525,1.525],"tintindex":-2,"rotation":0,"texture":"#0"},"down":{"uv":[6.725,6.525,4.275,7.725],"tintindex":-2,"rotation":0,"texture":"#0"}},"rotation":{"origin":[8.0,17.0,8.0],"angle":22.5,"axis":"x"}},{"from":[4.5,4.1892614,3.7747746],"to":[11.5,8.189261,8.774775],"faces":{"east":{"uv":[4.525,9.525,5.725,10.475],"tintindex":-2,"rotation":0,"texture":"#0"},"south":{"uv":[8.525,7.275,10.225,8.225],"tintindex":-2,"rotation":0,"texture":"#0"},"north":{"uv":[7.275,8.525,8.975,9.475],"tintindex":-2,"rotation":0,"texture":"#0"},"west":{"uv":[7.275,9.525,8.475,10.475],"tintindex":-2,"rotation":0,"texture":"#0"},"up":{"uv":[3.475,8.225,1.775,7.025],"tintindex":-2,"rotation":0,"texture":"#0"},"down":{"uv":[8.475,7.275,6.775,8.475],"tintindex":-2,"rotation":0,"texture":"#0"}},"rotation":{"origin":[8.0,6.1892614,5.7747746],"angle":-22.5,"axis":"x"}},{"from":[4.5,1.2716532,3.1616488],"to":[11.5,7.271653,3.1616488],"faces":{"south":{"uv":[6.775,2.775,8.475,4.225],"tintindex":-2,"rotation":0,"texture":"#0"},"north":{"uv":[0.025,6.025,1.725,7.475],"tintindex":-2,"rotation":0,"texture":"#0"}}},{"from":[3.5,7.271653,3.1616488],"to":[12.5,13.271653,9.161649],"faces":{"east":{"uv":[6.775,4.275,8.225,5.725],"tintindex":-2,"rotation":0,"texture":"#0"},"south":{"uv":[4.525,5.025,6.725,6.475],"tintindex":-2,"rotation":0,"texture":"#0"},"north":{"uv":[4.525,3.525,6.725,4.975],"tintindex":-2,"rotation":0,"texture":"#0"},"west":{"uv":[6.775,5.775,8.225,7.225],"tintindex":-2,"rotation":0,"texture":"#0"},"up":{"uv":[4.225,6.975,2.025,5.525],"tintindex":-2,"rotation":0,"texture":"#0"},"down":{"uv":[8.225,0.025,6.025,1.475],"tintindex":-2,"rotation":0,"texture":"#0"}}}],"display":{"gui":{"rotation":[30,225,0]}}}