{"textures":{"0":"modelengine:entity/tap"},"elements":[{"from":[4.5,20.0,4.5],"to":[11.5,21.5,11.5],"faces":{"east":{"uv":[12.0,0.0,15.5,0.75],"tintindex":-2,"rotation":0,"texture":"#0"},"south":{"uv":[12.0,0.75,15.5,1.5],"tintindex":-2,"rotation":0,"texture":"#0"},"north":{"uv":[10.5,11.5,14.0,12.25],"tintindex":-2,"rotation":0,"texture":"#0"},"west":{"uv":[12.0,1.5,15.5,2.25],"tintindex":-2,"rotation":0,"texture":"#0"},"up":{"uv":[7.0,14.0,3.5,10.5],"tintindex":-2,"rotation":0,"texture":"#0"},"down":{"uv":[10.5,11.5,7.0,15.0],"tintindex":-2,"rotation":0,"texture":"#0"}}},{"from":[7.5,11.25,1.5],"to":[8.5,12.75,2.0],"faces":{"east":{"uv":[7.75,10.5,8.0,11.25],"tintindex":-2,"rotation":0,"texture":"#0"},"south":{"uv":[12.0,7.0,12.5,7.75],"tintindex":-2,"rotation":0,"texture":"#0"},"north":{"uv":[12.0,6.25,12.5,7.0],"tintindex":-2,"rotation":0,"texture":"#0"},"west":{"uv":[12.5,7.25,12.75,8.0],"tintindex":-2,"rotation":0,"texture":"#0"},"up":{"uv":[12.5,8.0,12.0,7.75],"tintindex":-2,"rotation":0,"texture":"#0"},"down":{"uv":[13.0,12.25,12.5,12.5],"tintindex":-2,"rotation":0,"texture":"#0"}},"rotation":{"origin":[8.0,12.25,1.75],"angle":-22.5,"axis":"x"}},{"from":[7.5,10.25,2.0],"to":[8.5,11.25,3.5],"faces":{"east":{"uv":[7.0,10.5,7.75,11.0],"tintindex":-2,"rotation":0,"texture":"#0"},"south":{"uv":[11.5,12.25,12.0,12.75],"tintindex":-2,"rotation":0,"texture":"#0"},"north":{"uv":[11.0,12.25,11.5,12.75],"tintindex":-2,"rotation":0,"texture":"#0"},"west":{"uv":[7.0,11.0,7.75,11.5],"tintindex":-2,"rotation":0,"texture":"#0"},"up":{"uv":[12.5,5.5,12.0,4.75],"tintindex":-2,"rotation":0,"texture":"#0"},"down":{"uv":[12.5,5.5,12.0,6.25],"tintindex":-2,"rotation":0,"texture":"#0"}}},{"from":[7.5,9.25,2.0],"to":[8.5,10.25,3.0],"faces":{"east":{"uv":[12.5,4.75,13.0,5.25],"tintindex":-2,"rotation":0,"texture":"#0"},"south":{"uv":[12.5,5.25,13.0,5.75],"tintindex":-2,"rotation":0,"texture":"#0"},"north":{"uv":[12.0,12.25,12.5,12.75],"tintindex":-2,"rotation":0,"texture":"#0"},"west":{"uv":[12.5,5.75,13.0,6.25],"tintindex":-2,"rotation":0,"texture":"#0"},"up":{"uv":[13.0,6.75,12.5,6.25],"tintindex":-2,"rotation":0,"texture":"#0"},"down":{"uv":[13.0,6.75,12.5,7.25],"tintindex":-2,"rotation":0,"texture":"#0"}}},{"from":[4.5,8.0,4.5],"to":[11.5,9.5,11.5],"faces":{"east":{"uv":[11.5,8.75,15.0,9.5],"tintindex":-2,"rotation":0,"texture":"#0"},"south":{"uv":[11.5,9.5,15.0,10.25],"tintindex":-2,"rotation":0,"texture":"#0"},"north":{"uv":[11.5,8.0,15.0,8.75],"tintindex":-2,"rotation":0,"texture":"#0"},"west":{"uv":[11.5,10.25,15.0,11.0],"tintindex":-2,"rotation":0,"texture":"#0"},"up":{"uv":[11.5,11.5,8.0,8.0],"tintindex":-2,"rotation":0,"texture":"#0"},"down":{"uv":[3.5,10.5,0.0,14.0],"tintindex":-2,"rotation":0,"texture":"#0"}}},{"from":[4.0,9.5,4.0],"to":[12.0,20.0,12.0],"faces":{"east":{"uv":[4.0,0.0,8.0,5.25],"tintindex":-2,"rotation":0,"texture":"#0"},"south":{"uv":[0.0,5.25,4.0,10.5],"tintindex":-2,"rotation":0,"texture":"#0"},"north":{"uv":[0.0,0.0,4.0,5.25],"tintindex":-2,"rotation":0,"texture":"#0"},"west":{"uv":[4.0,5.25,8.0,10.5],"tintindex":-2,"rotation":0,"texture":"#0"},"up":{"uv":[12.0,4.0,8.0,0.0],"tintindex":-2,"rotation":0,"texture":"#0"},"down":{"uv":[12.0,4.0,8.0,8.0],"tintindex":-2,"rotation":0,"texture":"#0"}}},{"from":[6.75,9.5,3.5],"to":[9.25,12.0,4.0],"faces":{"east":{"uv":[10.5,12.25,10.75,13.5],"tintindex":-2,"rotation":0,"texture":"#0"},"south":{"uv":[12.0,3.5,13.25,4.75],"tintindex":-2,"rotation":0,"texture":"#0"},"north":{"uv":[12.0,2.25,13.25,3.5],"tintindex":-2,"rotation":0,"texture":"#0"},"west":{"uv":[10.75,12.25,11.0,13.5],"tintindex":-2,"rotation":0,"texture":"#0"},"up":{"uv":[12.75,11.25,11.5,11.0],"tintindex":-2,"rotation":0,"texture":"#0"},"down":{"uv":[12.75,11.25,11.5,11.5],"tintindex":-2,"rotation":0,"texture":"#0"}}}],"display":{"gui":{"rotation":[30,225,0]}}}