{"textures":{"0":"modelengine:entity/lootbag"},"elements":[{"from":[-0.83729935,-7.3928566,0.59819365],"to":[15.162701,2.6071434,16.598194],"faces":{"east":{"uv":[4.025,2.525,7.975,4.975],"tintindex":-2,"rotation":0,"texture":"#0"},"south":{"uv":[4.025,5.025,7.975,7.475],"tintindex":-2,"rotation":0,"texture":"#0"},"north":{"uv":[4.025,0.025,7.975,2.475],"tintindex":-2,"rotation":0,"texture":"#0"},"west":{"uv":[4.025,7.525,7.975,9.975],"tintindex":-2,"rotation":0,"texture":"#0"},"up":{"uv":[3.975,3.975,0.025,0.025],"tintindex":-2,"rotation":0,"texture":"#0"},"down":{"uv":[3.975,4.025,0.025,7.975],"tintindex":-2,"rotation":0,"texture":"#0"}}},{"from":[2.1627011,-9.392857,14.598194],"to":[9.162701,-5.3928566,20.598194],"faces":{"east":{"uv":[12.775,1.525,14.225,2.475],"tintindex":-2,"rotation":0,"texture":"#0"},"south":{"uv":[11.525,12.025,13.225,12.975],"tintindex":-2,"rotation":0,"texture":"#0"},"north":{"uv":[12.025,10.525,13.725,11.475],"tintindex":-2,"rotation":0,"texture":"#0"},"west":{"uv":[12.775,2.525,14.225,3.475],"tintindex":-2,"rotation":0,"texture":"#0"},"up":{"uv":[12.725,2.975,11.025,1.525],"tintindex":-2,"rotation":0,"texture":"#0"},"down":{"uv":[12.725,3.025,11.025,4.475],"tintindex":-2,"rotation":0,"texture":"#0"}}},{"from":[2.1627011,2.6071434,3.5981936],"to":[4.162701,10.607143,4.598193],"faces":{"east":{"uv":[11.525,13.025,11.725,14.975],"tintindex":-2,"rotation":0,"texture":"#0"},"south":{"uv":[3.525,8.025,3.975,9.975],"tintindex":-2,"rotation":0,"texture":"#0"},"north":{"uv":[3.025,8.025,3.475,9.975],"tintindex":-2,"rotation":0,"texture":"#0"},"west":{"uv":[11.775,13.025,11.975,14.975],"tintindex":-2,"rotation":0,"texture":"#0"},"up":{"uv":[1.225,13.725,0.775,13.525],"tintindex":-2,"rotation":0,"texture":"#0"},"down":{"uv":[13.975,0.775,13.525,0.975],"tintindex":-2,"rotation":0,"texture":"#0"}},"rotation":{"origin":[7.162701,4.1071434,9.598193],"angle":22.5,"axis":"z"}},{"from":[-2.8372993,-9.392857,12.598194],"to":[2.1627011,-8.392857,18.598194],"faces":{"east":{"uv":[12.775,4.025,14.225,4.225],"tintindex":-2,"rotation":0,"texture":"#0"},"south":{"uv":[13.275,12.025,14.475,12.225],"tintindex":-2,"rotation":0,"texture":"#0"},"north":{"uv":[4.775,13.275,5.975,13.475],"tintindex":-2,"rotation":0,"texture":"#0"},"west":{"uv":[12.775,4.275,14.225,4.475],"tintindex":-2,"rotation":0,"texture":"#0"},"up":{"uv":[10.225,13.475,9.025,12.025],"tintindex":-2,"rotation":0,"texture":"#0"},"down":{"uv":[11.475,12.025,10.275,13.475],"tintindex":-2,"rotation":0,"texture":"#0"}}},{"from":[-2.8372993,-9.392857,20.598194],"to":[-0.83729935,-8.892857,22.598194],"faces":{"east":{"uv":[13.525,1.275,13.975,1.475],"tintindex":-2,"rotation":0,"texture":"#0"},"south":{"uv":[13.525,4.525,13.975,4.725],"tintindex":-2,"rotation":0,"texture":"#0"},"north":{"uv":[13.525,1.025,13.975,1.225],"tintindex":-2,"rotation":0,"texture":"#0"},"west":{"uv":[4.775,13.525,5.225,13.725],"tintindex":-2,"rotation":0,"texture":"#0"},"up":{"uv":[2.975,11.475,2.525,11.025],"tintindex":-2,"rotation":0,"texture":"#0"},"down":{"uv":[13.975,0.025,13.525,0.475],"tintindex":-2,"rotation":0,"texture":"#0"}}},{"from":[2.6627011,1.6071434,7.5981936],"to":[12.662701,5.6071434,13.598194],"faces":{"east":{"uv":[0.025,12.525,1.475,13.475],"tintindex":-2,"rotation":0,"texture":"#0"},"south":{"uv":[11.025,5.525,13.475,6.475],"tintindex":-2,"rotation":0,"texture":"#0"},"north":{"uv":[11.025,4.525,13.475,5.475],"tintindex":-2,"rotation":0,"texture":"#0"},"west":{"uv":[1.525,12.775,2.975,13.725],"tintindex":-2,"rotation":0,"texture":"#0"},"up":{"uv":[2.475,12.475,0.025,11.025],"tintindex":-2,"rotation":0,"texture":"#0"},"down":{"uv":[13.475,0.025,11.025,1.475],"tintindex":-2,"rotation":0,"texture":"#0"}},"rotation":{"origin":[7.162701,4.1071434,9.598193],"angle":-22.5,"axis":"z"}},{"from":[1.1627011,-9.392857,2.5981936],"to":[13.162701,-7.3928566,14.598194],"faces":{"east":{"uv":[12.275,9.025,15.225,9.475],"tintindex":-2,"rotation":0,"texture":"#0"},"south":{"uv":[12.275,9.525,15.225,9.975],"tintindex":-2,"rotation":0,"texture":"#0"},"north":{"uv":[12.025,11.525,14.975,11.975],"tintindex":-2,"rotation":0,"texture":"#0"},"west":{"uv":[12.275,10.025,15.225,10.475],"tintindex":-2,"rotation":0,"texture":"#0"},"up":{"uv":[10.975,5.975,8.025,3.025],"tintindex":-2,"rotation":0,"texture":"#0"},"down":{"uv":[10.975,6.025,8.025,8.975],"tintindex":-2,"rotation":0,"texture":"#0"}}},{"from":[0.16270113,10.607143,3.5981936],"to":[6.162701,11.607143,4.598193],"faces":{"east":{"uv":[2.275,12.525,2.475,12.725],"tintindex":-2,"rotation":0,"texture":"#0"},"south":{"uv":[4.525,11.775,5.975,11.975],"tintindex":-2,"rotation":0,"texture":"#0"},"north":{"uv":[4.525,11.525,5.975,11.725],"tintindex":-2,"rotation":0,"texture":"#0"},"west":{"uv":[5.775,13.525,5.975,13.725],"tintindex":-2,"rotation":0,"texture":"#0"},"up":{"uv":[14.225,3.725,12.775,3.525],"tintindex":-2,"rotation":0,"texture":"#0"},"down":{"uv":[14.225,3.775,12.775,3.975],"tintindex":-2,"rotation":0,"texture":"#0"}},"rotation":{"origin":[7.162701,4.1071434,9.598193],"angle":22.5,"axis":"z"}},{"from":[1.1627011,-0.3928566,2.5981936],"to":[13.162701,5.6071434,14.598194],"faces":{"east":{"uv":[3.025,10.025,5.975,11.475],"tintindex":-2,"rotation":0,"texture":"#0"},"south":{"uv":[6.025,10.525,8.975,11.975],"tintindex":-2,"rotation":0,"texture":"#0"},"north":{"uv":[8.025,9.025,10.975,10.475],"tintindex":-2,"rotation":0,"texture":"#0"},"west":{"uv":[9.025,10.525,11.975,11.975],"tintindex":-2,"rotation":0,"texture":"#0"},"up":{"uv":[2.975,10.975,0.025,8.025],"tintindex":-2,"rotation":0,"texture":"#0"},"down":{"uv":[10.975,0.025,8.025,2.975],"tintindex":-2,"rotation":0,"texture":"#0"}},"rotation":{"origin":[7.162701,4.1071434,9.598193],"angle":22.5,"axis":"z"}},{"from":[2.6627011,11.607143,3.5981936],"to":[3.6627011,18.607143,4.598193],"faces":{"east":{"uv":[12.775,13.025,12.975,14.725],"tintindex":-2,"rotation":0,"texture":"#0"},"south":{"uv":[13.025,13.025,13.225,14.725],"tintindex":-2,"rotation":0,"texture":"#0"},"north":{"uv":[12.525,13.025,12.725,14.725],"tintindex":-2,"rotation":0,"texture":"#0"},"west":{"uv":[4.525,13.275,4.725,14.975],"tintindex":-2,"rotation":0,"texture":"#0"},"up":{"uv":[13.725,5.975,13.525,5.775],"tintindex":-2,"rotation":0,"texture":"#0"},"down":{"uv":[13.725,6.025,13.525,6.225],"tintindex":-2,"rotation":0,"texture":"#0"}},"rotation":{"origin":[7.162701,4.1071434,9.598193],"angle":22.5,"axis":"z"}},{"from":[16.1627,-9.392857,3.5981936],"to":[21.1627,-4.3928566,11.598193],"faces":{"east":{"uv":[2.525,11.525,4.475,12.725],"tintindex":-2,"rotation":0,"texture":"#0"},"south":{"uv":[12.275,7.775,13.475,8.975],"tintindex":-2,"rotation":0,"texture":"#0"},"north":{"uv":[12.275,6.525,13.475,7.725],"tintindex":-2,"rotation":0,"texture":"#0"},"west":{"uv":[4.525,12.025,6.475,13.225],"tintindex":-2,"rotation":0,"texture":"#0"},"up":{"uv":[7.725,13.975,6.525,12.025],"tintindex":-2,"rotation":0,"texture":"#0"},"down":{"uv":[8.975,12.025,7.775,13.975],"tintindex":-2,"rotation":0,"texture":"#0"}}}],"display":{"gui":{"rotation":[30,225,0]}}}