{"textures":{"0":"modelengine:entity/lootbag"},"elements":[{"from":[6.9127016,5.357143,1.2599854],"to":[7.9127016,7.357143,5.259985],"faces":{"east":{"uv":[6.975,10.025,6.025,10.475],"tintindex":-2,"rotation":0,"texture":"#0"},"south":{"uv":[13.725,5.275,13.525,5.725],"tintindex":-2,"rotation":0,"texture":"#0"},"north":{"uv":[5.725,13.525,5.525,13.975],"tintindex":-2,"rotation":0,"texture":"#0"},"west":{"uv":[7.975,10.025,7.025,10.475],"tintindex":-2,"rotation":0,"texture":"#0"},"up":{"uv":[0.475,13.525,0.275,14.475],"tintindex":-2,"rotation":0,"texture":"#0"},"down":{"uv":[0.725,14.475,0.525,13.525],"tintindex":-2,"rotation":0,"texture":"#0"}},"rotation":{"origin":[7.4127016,7.5238094,3.426652],"angle":-22.5,"axis":"y"}},{"from":[6.9127016,4.357143,4.598193],"to":[7.9127016,5.357143,6.598193],"faces":{"east":{"uv":[13.525,4.775,13.975,4.975],"tintindex":-2,"rotation":0,"texture":"#0"},"south":{"uv":[13.525,6.525,13.725,6.725],"tintindex":-2,"rotation":0,"texture":"#0"},"north":{"uv":[13.525,6.275,13.725,6.475],"tintindex":-2,"rotation":0,"texture":"#0"},"west":{"uv":[13.525,5.025,13.975,5.225],"tintindex":-2,"rotation":0,"texture":"#0"},"up":{"uv":[1.475,13.975,1.275,13.525],"tintindex":-2,"rotation":0,"texture":"#0"},"down":{"uv":[5.475,13.525,5.275,13.975],"tintindex":-2,"rotation":0,"texture":"#0"}},"rotation":{"origin":[7.4127016,7.5238094,6.4315267],"angle":22.5,"axis":"y"}},{"from":[6.9127016,4.357143,3.2599854],"to":[7.9127016,5.357143,5.259985],"faces":{"east":{"uv":[13.975,4.775,13.525,4.975],"tintindex":-2,"rotation":0,"texture":"#0"},"south":{"uv":[13.725,6.275,13.525,6.475],"tintindex":-2,"rotation":0,"texture":"#0"},"north":{"uv":[13.725,6.525,13.525,6.725],"tintindex":-2,"rotation":0,"texture":"#0"},"west":{"uv":[13.975,5.025,13.525,5.225],"tintindex":-2,"rotation":0,"texture":"#0"},"up":{"uv":[1.475,13.525,1.275,13.975],"tintindex":-2,"rotation":0,"texture":"#0"},"down":{"uv":[5.475,13.975,5.275,13.525],"tintindex":-2,"rotation":0,"texture":"#0"}},"rotation":{"origin":[7.4127016,7.5238094,3.426652],"angle":-22.5,"axis":"y"}},{"from":[6.9404745,8.357143,4.4263544],"to":[9.9404745,13.357143,5.426355],"faces":{"east":{"uv":[13.275,12.275,13.475,13.475],"tintindex":-2,"rotation":0,"texture":"#0"},"south":{"uv":[3.775,12.775,4.475,13.975],"tintindex":-2,"rotation":0,"texture":"#0"},"north":{"uv":[3.025,12.775,3.725,13.975],"tintindex":-2,"rotation":0,"texture":"#0"},"west":{"uv":[0.025,13.525,0.225,14.725],"tintindex":-2,"rotation":0,"texture":"#0"},"up":{"uv":[2.225,12.725,1.525,12.525],"tintindex":-2,"rotation":0,"texture":"#0"},"down":{"uv":[14.225,0.525,13.525,0.725],"tintindex":-2,"rotation":0,"texture":"#0"}}},{"from":[6.9127016,7.357143,4.598193],"to":[7.9127016,15.357143,9.598193],"faces":{"east":{"uv":[11.025,6.525,12.225,8.475],"tintindex":-2,"rotation":0,"texture":"#0"},"south":{"uv":[12.275,13.025,12.475,14.975],"tintindex":-2,"rotation":0,"texture":"#0"},"north":{"uv":[12.025,13.025,12.225,14.975],"tintindex":-2,"rotation":0,"texture":"#0"},"west":{"uv":[11.025,8.525,12.225,10.475],"tintindex":-2,"rotation":0,"texture":"#0"},"up":{"uv":[6.225,14.475,6.025,13.275],"tintindex":-2,"rotation":0,"texture":"#0"},"down":{"uv":[6.475,13.275,6.275,14.475],"tintindex":-2,"rotation":0,"texture":"#0"}},"rotation":{"origin":[7.4127016,7.5238094,6.4315267],"angle":22.5,"axis":"y"}},{"from":[6.9127016,5.357143,4.598193],"to":[7.9127016,7.357143,8.598193],"faces":{"east":{"uv":[6.025,10.025,6.975,10.475],"tintindex":-2,"rotation":0,"texture":"#0"},"south":{"uv":[5.525,13.525,5.725,13.975],"tintindex":-2,"rotation":0,"texture":"#0"},"north":{"uv":[13.525,5.275,13.725,5.725],"tintindex":-2,"rotation":0,"texture":"#0"},"west":{"uv":[7.025,10.025,7.975,10.475],"tintindex":-2,"rotation":0,"texture":"#0"},"up":{"uv":[0.475,14.475,0.275,13.525],"tintindex":-2,"rotation":0,"texture":"#0"},"down":{"uv":[0.725,13.525,0.525,14.475],"tintindex":-2,"rotation":0,"texture":"#0"}},"rotation":{"origin":[7.4127016,7.5238094,6.4315267],"angle":22.5,"axis":"y"}},{"from":[6.9127016,7.357143,0.25998545],"to":[7.9127016,15.357143,5.259985],"faces":{"east":{"uv":[12.225,6.525,11.025,8.475],"tintindex":-2,"rotation":0,"texture":"#0"},"south":{"uv":[12.225,13.025,12.025,14.975],"tintindex":-2,"rotation":0,"texture":"#0"},"north":{"uv":[12.475,13.025,12.275,14.975],"tintindex":-2,"rotation":0,"texture":"#0"},"west":{"uv":[12.225,8.525,11.025,10.475],"tintindex":-2,"rotation":0,"texture":"#0"},"up":{"uv":[6.225,13.275,6.025,14.475],"tintindex":-2,"rotation":0,"texture":"#0"},"down":{"uv":[6.475,14.475,6.275,13.275],"tintindex":-2,"rotation":0,"texture":"#0"}},"rotation":{"origin":[7.4127016,7.5238094,3.426652],"angle":-22.5,"axis":"y"}}],"display":{"gui":{"rotation":[30,225,0]}}}