{"textures":{"0":"modelengine:entity/adventurer"},"elements":[{"from":[10.75,9.759935,9.501047],"to":[12.75,13.259935,11.501047],"faces":{"east":{"uv":[2.2625,7.8875,2.7375,8.7375],"tintindex":-2,"rotation":0,"texture":"#0"},"south":{"uv":[7.8875,7.7625,8.3625,8.6125],"tintindex":-2,"rotation":0,"texture":"#0"},"north":{"uv":[1.7625,7.8875,2.2375,8.7375],"tintindex":-2,"rotation":0,"texture":"#0"},"west":{"uv":[3.6375,8.0125,4.1125,8.8625],"tintindex":-2,"rotation":0,"texture":"#0"},"up":{"uv":[6.9875,3.7375,6.5125,3.2625],"tintindex":-2,"rotation":0,"texture":"#0"},"down":{"uv":[0.4875,8.6375,0.0125,9.1125],"tintindex":-2,"rotation":0,"texture":"#0"}},"rotation":{"origin":[6.5,11.509935,6.7510476],"angle":45.0,"axis":"z"}},{"from":[28.25,-1.488802,10.001047],"to":[29.25,1.011198,11.001047],"faces":{"east":{"uv":[3.1375,9.3625,3.3625,8.7625],"tintindex":-2,"rotation":0,"texture":"#0"},"south":{"uv":[4.1375,9.3625,4.3625,8.7625],"tintindex":-2,"rotation":0,"texture":"#0"},"north":{"uv":[4.3625,9.3625,4.1375,8.7625],"tintindex":-2,"rotation":0,"texture":"#0"},"west":{"uv":[4.3875,9.3625,4.6125,8.7625],"tintindex":-2,"rotation":0,"texture":"#0"},"up":{"uv":[9.1125,5.3625,8.8875,5.1375],"tintindex":-2,"rotation":0,"texture":"#0"},"down":{"uv":[9.1125,4.8875,8.8875,5.1125],"tintindex":-2,"rotation":0,"texture":"#0"}},"rotation":{"origin":[6.5,-13.238802,7.2510476],"angle":45.0,"axis":"z"}},{"from":[12.75,10.759935,9.751047],"to":[18.75,12.259935,11.251047],"faces":{"east":{"uv":[8.7625,7.0125,9.1125,7.3625],"tintindex":-2,"rotation":0,"texture":"#0"},"south":{"uv":[7.2625,2.2625,8.7375,2.6125],"tintindex":-2,"rotation":0,"texture":"#0"},"north":{"uv":[7.0125,4.2625,8.4875,4.6125],"tintindex":-2,"rotation":0,"texture":"#0"},"west":{"uv":[7.1375,8.7625,7.4875,9.1125],"tintindex":-2,"rotation":0,"texture":"#0"},"up":{"uv":[8.7375,2.9875,7.2625,2.6375],"tintindex":-2,"rotation":0,"texture":"#0"},"down":{"uv":[8.8625,0.0125,7.3875,0.3625],"tintindex":-2,"rotation":0,"texture":"#0"}},"rotation":{"origin":[6.5,11.509935,7.0010476],"angle":45.0,"axis":"z"}},{"from":[3.25,6.754184,5.4994726],"to":[9.75,11.754184,9.999473],"faces":{"east":{"uv":[1.6375,4.1375,2.7375,5.3625],"tintindex":-2,"rotation":0,"texture":"#0"},"south":{"uv":[1.6375,2.8875,3.2375,4.1125],"tintindex":-2,"rotation":0,"texture":"#0"},"north":{"uv":[0.0125,2.8875,1.6125,4.1125],"tintindex":-2,"rotation":0,"texture":"#0"},"west":{"uv":[4.2625,0.8875,5.3625,2.1125],"tintindex":-2,"rotation":0,"texture":"#0"},"up":{"uv":[4.8625,4.8625,3.2625,3.7625],"tintindex":-2,"rotation":0,"texture":"#0"},"down":{"uv":[1.6125,4.1375,0.0125,5.2375],"tintindex":-2,"rotation":0,"texture":"#0"}}},{"from":[18.75,10.509935,9.501047],"to":[21.25,12.509935,11.501047],"faces":{"east":{"uv":[0.5125,8.6375,0.9875,9.1125],"tintindex":-2,"rotation":0,"texture":"#0"},"south":{"uv":[8.5125,4.1375,9.1125,4.6125],"tintindex":-2,"rotation":0,"texture":"#0"},"north":{"uv":[8.5125,3.6375,9.1125,4.1125],"tintindex":-2,"rotation":0,"texture":"#0"},"west":{"uv":[5.5125,8.6375,5.9875,9.1125],"tintindex":-2,"rotation":0,"texture":"#0"},"up":{"uv":[5.4875,8.9875,4.8875,8.5125],"tintindex":-2,"rotation":0,"texture":"#0"},"down":{"uv":[8.9875,8.5125,8.3875,8.9875],"tintindex":-2,"rotation":0,"texture":"#0"}},"rotation":{"origin":[6.5,11.509935,7.0010476],"angle":45.0,"axis":"z"}},{"from":[5.25,14.259935,6.5010476],"to":[8.25,15.759935,9.501047],"faces":{"east":{"uv":[6.1375,8.2625,6.8875,8.6375],"tintindex":-2,"rotation":0,"texture":"#0"},"south":{"uv":[6.8875,8.2625,7.6375,8.6375],"tintindex":-2,"rotation":0,"texture":"#0"},"north":{"uv":[4.1375,8.2625,4.8875,8.6375],"tintindex":-2,"rotation":0,"texture":"#0"},"west":{"uv":[8.3875,0.3875,9.1375,0.7625],"tintindex":-2,"rotation":0,"texture":"#0"},"up":{"uv":[2.3625,7.8625,1.6375,7.1375],"tintindex":-2,"rotation":0,"texture":"#0"},"down":{"uv":[3.1125,7.1375,2.3875,7.8625],"tintindex":-2,"rotation":0,"texture":"#0"}},"rotation":{"origin":[6.5,12.509935,7.2510476],"angle":-22.5,"axis":"x"}},{"from":[10.75,14.759935,10.001047],"to":[11.75,17.259935,11.001047],"faces":{"east":{"uv":[3.1375,8.7625,3.3625,9.3625],"tintindex":-2,"rotation":0,"texture":"#0"},"south":{"uv":[4.1375,8.7625,4.3625,9.3625],"tintindex":-2,"rotation":0,"texture":"#0"},"north":{"uv":[4.3625,8.7625,4.1375,9.3625],"tintindex":-2,"rotation":0,"texture":"#0"},"west":{"uv":[4.3875,8.7625,4.6125,9.3625],"tintindex":-2,"rotation":0,"texture":"#0"},"up":{"uv":[9.1125,5.1125,8.8875,4.8875],"tintindex":-2,"rotation":0,"texture":"#0"},"down":{"uv":[9.1125,5.1375,8.8875,5.3625],"tintindex":-2,"rotation":0,"texture":"#0"}},"rotation":{"origin":[6.5,11.509935,6.7510476],"angle":45.0,"axis":"z"}},{"from":[4.75,8.754184,4.9994726],"to":[7.75,11.254184,5.4994726],"faces":{"east":{"uv":[4.1375,0.8875,4.2375,1.4875],"tintindex":-2,"rotation":0,"texture":"#0"},"south":{"uv":[7.6375,4.8875,8.3625,5.4875],"tintindex":-2,"rotation":0,"texture":"#0"},"north":{"uv":[4.3875,7.6375,5.1125,8.2375],"tintindex":-2,"rotation":0,"texture":"#0"},"west":{"uv":[5.2625,2.1375,5.3625,2.7375],"tintindex":-2,"rotation":0,"texture":"#0"},"up":{"uv":[4.9875,2.8625,4.2625,2.7625],"tintindex":-2,"rotation":0,"texture":"#0"},"down":{"uv":[7.8625,1.8875,7.1375,1.9875],"tintindex":-2,"rotation":0,"texture":"#0"}},"rotation":{"origin":[6.25,10.004184,5.2494726],"angle":-45.0,"axis":"z"}},{"from":[-2.75,9.759935,10.001047],"to":[10.75,13.259935,11.001047],"faces":{"east":{"uv":[3.3875,8.1375,3.6125,8.9875],"tintindex":-2,"rotation":0,"texture":"#0"},"south":{"uv":[0.0125,0.8875,3.3625,1.7375],"tintindex":-2,"rotation":0,"texture":"#0"},"north":{"uv":[3.3625,0.8875,0.0125,1.7375],"tintindex":-2,"rotation":0,"texture":"#0"},"west":{"uv":[7.6375,8.2625,7.8625,9.1125],"tintindex":-2,"rotation":0,"texture":"#0"},"up":{"uv":[9.3625,4.8625,6.0125,4.6375],"tintindex":-2,"rotation":0,"texture":"#0"},"down":{"uv":[9.7375,2.0125,6.3875,2.2375],"tintindex":-2,"rotation":0,"texture":"#0"}},"rotation":{"origin":[6.5,11.509935,6.7510476],"angle":45.0,"axis":"z"}},{"from":[28.25,1.011198,10.001047],"to":[30.25,2.511198,11.001047],"faces":{"east":{"uv":[8.8875,3.6125,9.1125,3.2625],"tintindex":-2,"rotation":0,"texture":"#0"},"south":{"uv":[1.8875,9.1125,2.3625,8.7625],"tintindex":-2,"rotation":0,"texture":"#0"},"north":{"uv":[2.3625,9.1125,1.8875,8.7625],"tintindex":-2,"rotation":0,"texture":"#0"},"west":{"uv":[3.6375,9.2375,3.8625,8.8875],"tintindex":-2,"rotation":0,"texture":"#0"},"up":{"uv":[9.3625,1.8625,8.8875,1.6375],"tintindex":-2,"rotation":0,"texture":"#0"},"down":{"uv":[9.3625,0.0125,8.8875,0.2375],"tintindex":-2,"rotation":0,"texture":"#0"}},"rotation":{"origin":[6.5,-13.238802,7.2510476],"angle":45.0,"axis":"z"}},{"from":[2.25,10.759935,5.0010476],"to":[10.75,14.259935,9.501047],"faces":{"east":{"uv":[5.3875,2.8875,6.4875,3.7375],"tintindex":-2,"rotation":0,"texture":"#0"},"south":{"uv":[3.3875,0.0125,5.4875,0.8625],"tintindex":-2,"rotation":0,"texture":"#0"},"north":{"uv":[3.2625,2.8875,5.3625,3.7375],"tintindex":-2,"rotation":0,"texture":"#0"},"west":{"uv":[5.5125,0.0125,6.6125,0.8625],"tintindex":-2,"rotation":0,"texture":"#0"},"up":{"uv":[2.1125,2.8625,0.0125,1.7625],"tintindex":-2,"rotation":0,"texture":"#0"},"down":{"uv":[4.2375,1.7625,2.1375,2.8625],"tintindex":-2,"rotation":0,"texture":"#0"}},"rotation":{"origin":[6.5,12.509935,7.2510476],"angle":-22.5,"axis":"x"}},{"from":[10.75,13.259935,10.001047],"to":[12.75,14.759935,11.001047],"faces":{"east":{"uv":[8.8875,3.2625,9.1125,3.6125],"tintindex":-2,"rotation":0,"texture":"#0"},"south":{"uv":[1.8875,8.7625,2.3625,9.1125],"tintindex":-2,"rotation":0,"texture":"#0"},"north":{"uv":[2.3625,8.7625,1.8875,9.1125],"tintindex":-2,"rotation":0,"texture":"#0"},"west":{"uv":[3.6375,8.8875,3.8625,9.2375],"tintindex":-2,"rotation":0,"texture":"#0"},"up":{"uv":[9.3625,0.2375,8.8875,0.0125],"tintindex":-2,"rotation":0,"texture":"#0"},"down":{"uv":[9.3625,1.6375,8.8875,1.8625],"tintindex":-2,"rotation":0,"texture":"#0"}},"rotation":{"origin":[6.5,11.509935,6.7510476],"angle":45.0,"axis":"z"}},{"from":[4.75,5.5000005,5.75],"to":[8.25,7.5000005,9.75],"faces":{"east":{"uv":[4.3875,7.1375,5.3625,7.6125],"tintindex":-2,"rotation":0,"texture":"#0"},"south":{"uv":[7.0125,7.7625,7.8625,8.2375],"tintindex":-2,"rotation":0,"texture":"#0"},"north":{"uv":[7.6375,3.7625,8.4875,4.2375],"tintindex":-2,"rotation":0,"texture":"#0"},"west":{"uv":[7.3875,0.3875,8.3625,0.8625],"tintindex":-2,"rotation":0,"texture":"#0"},"up":{"uv":[5.6125,7.1125,4.7625,6.1375],"tintindex":-2,"rotation":0,"texture":"#0"},"down":{"uv":[0.8625,6.2625,0.0125,7.2375],"tintindex":-2,"rotation":0,"texture":"#0"}},"rotation":{"origin":[8.0,6.5000005,8.0],"angle":22.5,"axis":"x"}}],"display":{"gui":{"rotation":[30,225,0]}}}