{"textures":{"0":"modelengine:entity/adventurer"},"elements":[{"from":[7.9038463,4.480335,4.7550983],"to":[11.903847,6.480335,5.7550983],"faces":{"east":{"uv":[3.7375,7.5125,3.6375,7.7375],"tintindex":-2,"rotation":0,"texture":"#0"},"south":{"uv":[9.2375,7.6375,8.7625,7.8625],"tintindex":-2,"rotation":0,"texture":"#0"},"north":{"uv":[9.2375,7.3875,8.7625,7.6125],"tintindex":-2,"rotation":0,"texture":"#0"},"west":{"uv":[7.6125,3.0125,7.5125,3.2375],"tintindex":-2,"rotation":0,"texture":"#0"},"up":{"uv":[2.7625,4.8625,3.2375,4.7625],"tintindex":-2,"rotation":0,"texture":"#0"},"down":{"uv":[1.0125,5.2625,1.4875,5.3625],"tintindex":-2,"rotation":0,"texture":"#0"}}},{"from":[12.403847,8.980335,8.255098],"to":[15.403847,11.980335,11.255098],"faces":{"east":{"uv":[6.7375,8.7625,6.3875,9.1125],"tintindex":-2,"rotation":0,"texture":"#0"},"south":{"uv":[9.1125,6.2625,8.7625,6.6125],"tintindex":-2,"rotation":0,"texture":"#0"},"north":{"uv":[1.6125,7.5125,1.2625,7.8625],"tintindex":-2,"rotation":0,"texture":"#0"},"west":{"uv":[6.3625,8.7625,6.0125,9.1125],"tintindex":-2,"rotation":0,"texture":"#0"},"up":{"uv":[8.7625,6.9875,9.1125,6.6375],"tintindex":-2,"rotation":0,"texture":"#0"},"down":{"uv":[6.7625,8.7625,7.1125,9.1125],"tintindex":-2,"rotation":0,"texture":"#0"}}},{"from":[3.4038463,9.480335,5.2550983],"to":[12.403847,12.480335,14.255098],"faces":{"east":{"uv":[8.1375,5.5125,9.2375,5.8625],"tintindex":-2,"rotation":0,"texture":"#0"},"south":{"uv":[8.1375,5.8875,9.2375,6.2375],"tintindex":-2,"rotation":0,"texture":"#0"},"north":{"uv":[7.6375,6.3875,8.7375,6.7375],"tintindex":-2,"rotation":0,"texture":"#0"},"west":{"uv":[0.0125,8.2625,1.1125,8.6125],"tintindex":-2,"rotation":0,"texture":"#0"},"up":{"uv":[3.8625,5.9875,2.7625,4.8875],"tintindex":-2,"rotation":0,"texture":"#0"},"down":{"uv":[5.9875,3.7625,4.8875,4.8625],"tintindex":-2,"rotation":0,"texture":"#0"}}},{"from":[-1.5961542,8.980335,8.755098],"to":[0.40384626,13.980335,10.755098],"faces":{"east":{"uv":[8.7625,2.2625,8.9875,2.8625],"tintindex":-2,"rotation":0,"texture":"#0"},"south":{"uv":[2.3875,8.7625,2.6125,9.3625],"tintindex":-2,"rotation":0,"texture":"#0"},"north":{"uv":[5.6375,6.1375,5.8625,6.7375],"tintindex":-2,"rotation":0,"texture":"#0"},"west":{"uv":[2.6375,8.7625,2.8625,9.3625],"tintindex":-2,"rotation":0,"texture":"#0"},"up":{"uv":[7.4875,3.2375,7.2625,3.0125],"tintindex":-2,"rotation":0,"texture":"#0"},"down":{"uv":[7.2375,7.5125,7.0125,7.7375],"tintindex":-2,"rotation":0,"texture":"#0"}}},{"from":[6.9038463,6.480335,4.7550983],"to":[8.903846,8.480335,5.7550983],"faces":{"east":{"uv":[4.1375,1.5125,4.2375,1.7375],"tintindex":-2,"rotation":0,"texture":"#0"},"south":{"uv":[4.1375,8.0125,4.3625,8.2375],"tintindex":-2,"rotation":0,"texture":"#0"},"north":{"uv":[2.7625,7.8875,2.9875,8.1125],"tintindex":-2,"rotation":0,"texture":"#0"},"west":{"uv":[6.3875,2.6375,6.4875,2.8625],"tintindex":-2,"rotation":0,"texture":"#0"},"up":{"uv":[5.8625,6.8625,5.6375,6.7625],"tintindex":-2,"rotation":0,"texture":"#0"},"down":{"uv":[8.3625,6.2625,8.1375,6.3625],"tintindex":-2,"rotation":0,"texture":"#0"}}},{"from":[3.9038463,3.4803352,5.7550983],"to":[11.903847,11.480335,13.755098],"faces":{"east":{"uv":[5.3875,0.8875,6.3625,1.8625],"tintindex":-2,"rotation":0,"texture":"#0"},"south":{"uv":[1.0125,5.3875,1.9875,6.3625],"tintindex":-2,"rotation":0,"texture":"#0"},"north":{"uv":[0.0125,5.2625,0.9875,6.2375],"tintindex":-2,"rotation":0,"texture":"#0"},"west":{"uv":[5.3875,1.8875,6.3625,2.8625],"tintindex":-2,"rotation":0,"texture":"#0"},"up":{"uv":[6.8625,5.8625,5.8875,4.8875],"tintindex":-2,"rotation":0,"texture":"#0"},"down":{"uv":[6.8625,5.8875,5.8875,6.8625],"tintindex":-2,"rotation":0,"texture":"#0"}}},{"from":[3.9038463,4.480335,4.7550983],"to":[7.9038463,6.480335,5.7550983],"faces":{"east":{"uv":[7.5125,3.0125,7.6125,3.2375],"tintindex":-2,"rotation":0,"texture":"#0"},"south":{"uv":[8.7625,7.6375,9.2375,7.8625],"tintindex":-2,"rotation":0,"texture":"#0"},"north":{"uv":[8.7625,7.3875,9.2375,7.6125],"tintindex":-2,"rotation":0,"texture":"#0"},"west":{"uv":[3.6375,7.5125,3.7375,7.7375],"tintindex":-2,"rotation":0,"texture":"#0"},"up":{"uv":[3.2375,4.8625,2.7625,4.7625],"tintindex":-2,"rotation":0,"texture":"#0"},"down":{"uv":[1.4875,5.2625,1.0125,5.3625],"tintindex":-2,"rotation":0,"texture":"#0"}}},{"from":[8.903846,8.480335,4.7550983],"to":[11.903847,9.480335,5.7550983],"faces":{"east":{"uv":[3.8625,6.0125,3.7625,6.1125],"tintindex":-2,"rotation":0,"texture":"#0"},"south":{"uv":[7.2375,6.7625,6.8875,6.8625],"tintindex":-2,"rotation":0,"texture":"#0"},"north":{"uv":[5.3625,2.7625,5.0125,2.8625],"tintindex":-2,"rotation":0,"texture":"#0"},"west":{"uv":[1.6125,5.2625,1.5125,5.3625],"tintindex":-2,"rotation":0,"texture":"#0"},"up":{"uv":[4.3875,7.1125,4.7375,7.0125],"tintindex":-2,"rotation":0,"texture":"#0"},"down":{"uv":[7.8875,1.8875,8.2375,1.9875],"tintindex":-2,"rotation":0,"texture":"#0"}}},{"from":[10.896149,6.480335,9.706988],"to":[11.896149,9.480335,11.706988],"faces":{"east":{"uv":[9.1125,2.8875,8.8875,3.2375],"tintindex":-2,"rotation":0,"texture":"#0"},"south":{"uv":[3.7375,7.1375,3.6375,7.4875],"tintindex":-2,"rotation":0,"texture":"#0"},"north":{"uv":[6.4875,2.2625,6.3875,2.6125],"tintindex":-2,"rotation":0,"texture":"#0"},"west":{"uv":[4.8625,8.7625,4.6375,9.1125],"tintindex":-2,"rotation":0,"texture":"#0"},"up":{"uv":[7.2625,7.7375,7.3625,7.5125],"tintindex":-2,"rotation":0,"texture":"#0"},"down":{"uv":[3.6375,7.7625,3.7375,7.9875],"tintindex":-2,"rotation":0,"texture":"#0"}},"rotation":{"origin":[9.50726,2.834856,9.211696],"angle":22.5,"axis":"y"}},{"from":[3.9038463,-1.7640228,7.53504],"to":[11.903847,3.2359772,7.53504],"faces":{"south":{"uv":[4.2625,2.1375,5.2375,2.7375],"tintindex":-2,"rotation":0,"texture":"#0"},"north":{"uv":[4.2625,2.1375,5.2375,2.7375],"tintindex":-2,"rotation":0,"texture":"#0"}},"rotation":{"origin":[5.292735,7.834854,7.2598057],"angle":22.5,"axis":"x"}},{"from":[0.40384626,8.980335,8.255098],"to":[3.4038463,11.980335,11.255098],"faces":{"east":{"uv":[6.0125,8.7625,6.3625,9.1125],"tintindex":-2,"rotation":0,"texture":"#0"},"south":{"uv":[8.7625,6.2625,9.1125,6.6125],"tintindex":-2,"rotation":0,"texture":"#0"},"north":{"uv":[1.2625,7.5125,1.6125,7.8625],"tintindex":-2,"rotation":0,"texture":"#0"},"west":{"uv":[6.3875,8.7625,6.7375,9.1125],"tintindex":-2,"rotation":0,"texture":"#0"},"up":{"uv":[9.1125,6.9875,8.7625,6.6375],"tintindex":-2,"rotation":0,"texture":"#0"},"down":{"uv":[7.1125,8.7625,6.7625,9.1125],"tintindex":-2,"rotation":0,"texture":"#0"}}},{"from":[3.911543,6.480335,9.706988],"to":[4.911543,9.480335,11.706988],"faces":{"east":{"uv":[4.6375,8.7625,4.8625,9.1125],"tintindex":-2,"rotation":0,"texture":"#0"},"south":{"uv":[3.6375,7.1375,3.7375,7.4875],"tintindex":-2,"rotation":0,"texture":"#0"},"north":{"uv":[6.3875,2.2625,6.4875,2.6125],"tintindex":-2,"rotation":0,"texture":"#0"},"west":{"uv":[8.8875,2.8875,9.1125,3.2375],"tintindex":-2,"rotation":0,"texture":"#0"},"up":{"uv":[7.3625,7.7375,7.2625,7.5125],"tintindex":-2,"rotation":0,"texture":"#0"},"down":{"uv":[3.7375,7.7625,3.6375,7.9875],"tintindex":-2,"rotation":0,"texture":"#0"}},"rotation":{"origin":[6.300432,2.834856,9.211696],"angle":-22.5,"axis":"y"}},{"from":[3.9038463,8.480335,4.7550983],"to":[6.9038463,9.480335,5.7550983],"faces":{"east":{"uv":[1.5125,5.2625,1.6125,5.3625],"tintindex":-2,"rotation":0,"texture":"#0"},"south":{"uv":[6.8875,6.7625,7.2375,6.8625],"tintindex":-2,"rotation":0,"texture":"#0"},"north":{"uv":[5.0125,2.7625,5.3625,2.8625],"tintindex":-2,"rotation":0,"texture":"#0"},"west":{"uv":[3.7625,6.0125,3.8625,6.1125],"tintindex":-2,"rotation":0,"texture":"#0"},"up":{"uv":[4.7375,7.1125,4.3875,7.0125],"tintindex":-2,"rotation":0,"texture":"#0"},"down":{"uv":[8.2375,1.8875,7.8875,1.9875],"tintindex":-2,"rotation":0,"texture":"#0"}}}],"display":{"gui":{"rotation":[30,225,0]}}}