{"textures":{"0":"modelengine:entity/adventurer"},"elements":[{"from":[3.0,-1.5,4.5],"to":[8.0,3.5,10.5],"faces":{"east":{"uv":[2.0125,5.3875,2.7375,5.9875],"tintindex":-2,"rotation":0,"texture":"#0"},"south":{"uv":[8.2625,3.0125,8.8625,3.6125],"tintindex":-2,"rotation":0,"texture":"#0"},"north":{"uv":[2.7625,8.1375,3.3625,8.7375],"tintindex":-2,"rotation":0,"texture":"#0"},"west":{"uv":[0.5125,7.5125,1.2375,8.1125],"tintindex":-2,"rotation":0,"texture":"#0"},"up":{"uv":[6.9875,8.2375,6.3875,7.5125],"tintindex":-2,"rotation":0,"texture":"#0"},"down":{"uv":[8.2375,3.0125,7.6375,3.7375],"tintindex":-2,"rotation":0,"texture":"#0"}}},{"from":[1.0,7.5,2.5],"to":[9.0,11.5,12.5],"faces":{"east":{"uv":[7.1375,0.8875,8.3625,1.3625],"tintindex":-2,"rotation":0,"texture":"#0"},"south":{"uv":[7.3875,7.2625,8.3625,7.7375],"tintindex":-2,"rotation":0,"texture":"#0"},"north":{"uv":[7.3875,6.7625,8.3625,7.2375],"tintindex":-2,"rotation":0,"texture":"#0"},"west":{"uv":[7.1375,1.3875,8.3625,1.8625],"tintindex":-2,"rotation":0,"texture":"#0"},"up":{"uv":[4.8625,6.1125,3.8875,4.8875],"tintindex":-2,"rotation":0,"texture":"#0"},"down":{"uv":[5.8625,4.8875,4.8875,6.1125],"tintindex":-2,"rotation":0,"texture":"#0"}}},{"from":[2.0,3.5,3.5],"to":[8.0,10.5,11.5],"faces":{"east":{"uv":[6.0125,3.7625,6.9875,4.6125],"tintindex":-2,"rotation":0,"texture":"#0"},"south":{"uv":[6.6375,0.0125,7.3625,0.8625],"tintindex":-2,"rotation":0,"texture":"#0"},"north":{"uv":[3.3875,0.8875,4.1125,1.7375],"tintindex":-2,"rotation":0,"texture":"#0"},"west":{"uv":[3.7625,6.1375,4.7375,6.9875],"tintindex":-2,"rotation":0,"texture":"#0"},"up":{"uv":[7.2375,3.2375,6.5125,2.2625],"tintindex":-2,"rotation":0,"texture":"#0"},"down":{"uv":[7.6125,4.8875,6.8875,5.8625],"tintindex":-2,"rotation":0,"texture":"#0"}}}],"display":{"gui":{"rotation":[30,225,0]}}}