{"textures":{"0":"modelengine:entity/adventurer"},"elements":[{"from":[6.5,1.0,8.0],"to":[9.5,8.0,12.0],"faces":{"east":{"uv":[5.6375,7.7625,6.1125,8.6125],"tintindex":-2,"rotation":0,"texture":"#0"},"south":{"uv":[8.3875,7.6375,8.7375,8.4875],"tintindex":-2,"rotation":0,"texture":"#0"},"north":{"uv":[8.3875,6.7625,8.7375,7.6125],"tintindex":-2,"rotation":0,"texture":"#0"},"west":{"uv":[1.2625,7.8875,1.7375,8.7375],"tintindex":-2,"rotation":0,"texture":"#0"},"up":{"uv":[1.9875,6.8625,1.6375,6.3875],"tintindex":-2,"rotation":0,"texture":"#0"},"down":{"uv":[1.3625,8.7625,1.0125,9.2375],"tintindex":-2,"rotation":0,"texture":"#0"}}},{"from":[6.5,1.0,7.0],"to":[9.5,3.0,8.0],"faces":{"east":{"uv":[3.0125,7.8875,3.1125,8.1125],"tintindex":-2,"rotation":0,"texture":"#0"},"south":{"uv":[0.5125,7.2625,0.8625,7.4875],"tintindex":-2,"rotation":0,"texture":"#0"},"north":{"uv":[1.6375,6.8875,1.9875,7.1125],"tintindex":-2,"rotation":0,"texture":"#0"},"west":{"uv":[1.1375,8.2625,1.2375,8.4875],"tintindex":-2,"rotation":0,"texture":"#0"},"up":{"uv":[0.8625,8.2375,0.5125,8.1375],"tintindex":-2,"rotation":0,"texture":"#0"},"down":{"uv":[1.2375,8.1375,0.8875,8.2375],"tintindex":-2,"rotation":0,"texture":"#0"}}}],"display":{"gui":{"rotation":[30,225,0]}}}