{"textures":{"0":"modelengine:entity/adventurer"},"elements":[{"from":[8.0,1.0,5.5],"to":[12.0,9.0,10.5],"faces":{"east":{"uv":[4.3625,7.0125,3.7625,7.9875],"tintindex":-2,"rotation":0,"texture":"#0"},"south":{"uv":[0.4875,7.2625,0.0125,8.2375],"tintindex":-2,"rotation":0,"texture":"#0"},"north":{"uv":[3.6125,7.1375,3.1375,8.1125],"tintindex":-2,"rotation":0,"texture":"#0"},"west":{"uv":[7.6125,3.2625,7.0125,4.2375],"tintindex":-2,"rotation":0,"texture":"#0"},"up":{"uv":[2.7625,4.7375,3.2375,4.1375],"tintindex":-2,"rotation":0,"texture":"#0"},"down":{"uv":[8.3875,4.8875,8.8625,5.4875],"tintindex":-2,"rotation":0,"texture":"#0"}}}],"display":{"gui":{"rotation":[30,225,0]}}}