{"textures":{"0":"modelengine:entity/miner"},"elements":[{"from":[4.579256,12.5,0.38477898],"to":[11.579256,13.5,2.384779],"faces":{"east":{"uv":[2.5125,3.6375,2.7375,3.7375],"tintindex":-2,"rotation":0,"texture":"#0"},"south":{"uv":[7.2625,4.7625,8.1125,4.8625],"tintindex":-2,"rotation":0,"texture":"#0"},"north":{"uv":[4.1375,1.2625,4.9875,1.3625],"tintindex":-2,"rotation":0,"texture":"#0"},"west":{"uv":[6.1375,6.6375,6.3625,6.7375],"tintindex":-2,"rotation":0,"texture":"#0"},"up":{"uv":[7.2375,4.9875,6.3875,4.7625],"tintindex":-2,"rotation":0,"texture":"#0"},"down":{"uv":[7.4875,3.5125,6.6375,3.7375],"tintindex":-2,"rotation":0,"texture":"#0"}}},{"from":[9.079256,2.5,2.384779],"to":[11.079256,6.5,4.384779],"faces":{"east":{"uv":[0.7375,7.1375,0.5125,7.6125],"tintindex":-2,"rotation":0,"texture":"#0"},"south":{"uv":[0.4875,7.1375,0.2625,7.6125],"tintindex":-2,"rotation":0,"texture":"#0"},"north":{"uv":[0.9875,5.6375,0.7625,6.1125],"tintindex":-2,"rotation":0,"texture":"#0"},"west":{"uv":[0.2375,7.1375,0.0125,7.6125],"tintindex":-2,"rotation":0,"texture":"#0"},"up":{"uv":[5.1375,5.7375,5.3625,5.5125],"tintindex":-2,"rotation":0,"texture":"#0"},"down":{"uv":[2.3875,6.1375,2.6125,6.3625],"tintindex":-2,"rotation":0,"texture":"#0"}}},{"from":[11.5,9.5,7.0],"to":[12.5,12.5,9.0],"faces":{"east":{"uv":[5.2375,4.0125,5.0125,4.3625],"tintindex":-2,"rotation":0,"texture":"#0"},"south":{"uv":[4.2375,5.7625,4.1375,6.1125],"tintindex":-2,"rotation":0,"texture":"#0"},"north":{"uv":[1.1125,3.8875,1.0125,4.2375],"tintindex":-2,"rotation":0,"texture":"#0"},"west":{"uv":[3.9875,1.3875,3.7625,1.7375],"tintindex":-2,"rotation":0,"texture":"#0"},"up":{"uv":[2.2625,7.6125,2.3625,7.3875],"tintindex":-2,"rotation":0,"texture":"#0"},"down":{"uv":[7.3875,3.0125,7.4875,3.2375],"tintindex":-2,"rotation":0,"texture":"#0"}},"rotation":{"origin":[12.0,14.0,8.0],"angle":22.5,"axis":"y"}},{"from":[4.579256,6.5,1.884779],"to":[11.579256,10.5,4.884779],"faces":{"east":{"uv":[6.5125,6.7625,6.8625,7.2375],"tintindex":-2,"rotation":0,"texture":"#0"},"south":{"uv":[5.3875,0.7625,6.2375,1.2375],"tintindex":-2,"rotation":0,"texture":"#0"},"north":{"uv":[1.0125,4.2625,1.8625,4.7375],"tintindex":-2,"rotation":0,"texture":"#0"},"west":{"uv":[1.6375,6.8875,1.9875,7.3625],"tintindex":-2,"rotation":0,"texture":"#0"},"up":{"uv":[6.9875,5.3625,6.1375,5.0125],"tintindex":-2,"rotation":0,"texture":"#0"},"down":{"uv":[6.9875,5.3875,6.1375,5.7375],"tintindex":-2,"rotation":0,"texture":"#0"}}},{"from":[4.079256,7.5,2.884779],"to":[12.079256,15.5,10.884779],"faces":{"east":{"uv":[3.0125,3.7625,3.9875,4.7375],"tintindex":-2,"rotation":0,"texture":"#0"},"south":{"uv":[0.0125,3.8875,0.9875,4.8625],"tintindex":-2,"rotation":0,"texture":"#0"},"north":{"uv":[2.0125,3.7625,2.9875,4.7375],"tintindex":-2,"rotation":0,"texture":"#0"},"west":{"uv":[4.0125,1.3875,4.9875,2.3625],"tintindex":-2,"rotation":0,"texture":"#0"},"up":{"uv":[4.9875,3.3625,4.0125,2.3875],"tintindex":-2,"rotation":0,"texture":"#0"},"down":{"uv":[4.9875,3.3875,4.0125,4.3625],"tintindex":-2,"rotation":0,"texture":"#0"}}},{"from":[3.658513,9.5,7.0],"to":[4.6585126,12.5,9.0],"faces":{"east":{"uv":[3.7625,1.3875,3.9875,1.7375],"tintindex":-2,"rotation":0,"texture":"#0"},"south":{"uv":[4.1375,5.7625,4.2375,6.1125],"tintindex":-2,"rotation":0,"texture":"#0"},"north":{"uv":[1.0125,3.8875,1.1125,4.2375],"tintindex":-2,"rotation":0,"texture":"#0"},"west":{"uv":[5.0125,4.0125,5.2375,4.3625],"tintindex":-2,"rotation":0,"texture":"#0"},"up":{"uv":[2.3625,7.6125,2.2625,7.3875],"tintindex":-2,"rotation":0,"texture":"#0"},"down":{"uv":[7.4875,3.0125,7.3875,3.2375],"tintindex":-2,"rotation":0,"texture":"#0"}},"rotation":{"origin":[4.1585126,14.0,8.0],"angle":-22.5,"axis":"y"}},{"from":[6.579256,10.5,1.884779],"to":[9.579256,12.5,2.884779],"faces":{"east":{"uv":[3.8875,4.7625,3.9875,4.9875],"tintindex":-2,"rotation":0,"texture":"#0"},"south":{"uv":[7.2625,6.0125,7.6125,6.2375],"tintindex":-2,"rotation":0,"texture":"#0"},"north":{"uv":[7.2625,5.7625,7.6125,5.9875],"tintindex":-2,"rotation":0,"texture":"#0"},"west":{"uv":[2.1375,7.3875,2.2375,7.6125],"tintindex":-2,"rotation":0,"texture":"#0"},"up":{"uv":[2.1125,5.4875,1.7625,5.3875],"tintindex":-2,"rotation":0,"texture":"#0"},"down":{"uv":[7.6125,4.8875,7.2625,4.9875],"tintindex":-2,"rotation":0,"texture":"#0"}}},{"from":[5.079256,2.5,2.384779],"to":[7.0792565,6.5,4.384779],"faces":{"east":{"uv":[0.0125,7.1375,0.2375,7.6125],"tintindex":-2,"rotation":0,"texture":"#0"},"south":{"uv":[0.2625,7.1375,0.4875,7.6125],"tintindex":-2,"rotation":0,"texture":"#0"},"north":{"uv":[0.7625,5.6375,0.9875,6.1125],"tintindex":-2,"rotation":0,"texture":"#0"},"west":{"uv":[0.5125,7.1375,0.7375,7.6125],"tintindex":-2,"rotation":0,"texture":"#0"},"up":{"uv":[5.3625,5.7375,5.1375,5.5125],"tintindex":-2,"rotation":0,"texture":"#0"},"down":{"uv":[2.6125,6.1375,2.3875,6.3625],"tintindex":-2,"rotation":0,"texture":"#0"}}},{"from":[7.0792565,13.5,1.884779],"to":[9.079256,17.5,11.884779],"faces":{"east":{"uv":[9.25,0.0,10.5,0.5],"tintindex":-2,"rotation":0,"texture":"#0"},"south":{"uv":[7.875,0.0,8.0,0.5],"tintindex":-2,"rotation":0,"texture":"#0"},"north":{"uv":[7.625,0.0,7.875,0.5],"tintindex":-2,"rotation":0,"texture":"#0"},"west":{"uv":[8.0,0.0,9.25,0.5],"tintindex":-2,"rotation":0,"texture":"#0"},"up":{"uv":[10.75,1.25,10.5,0.0],"tintindex":-2,"rotation":0,"texture":"#0"},"down":{"uv":[11.0,0.0,10.75,1.25],"tintindex":-2,"rotation":0,"texture":"#0"}}},{"from":[3.5792565,12.5,2.384779],"to":[12.579256,16.5,11.384779],"faces":{"east":{"uv":[4.2625,5.0125,5.3625,5.4875],"tintindex":-2,"rotation":0,"texture":"#0"},"south":{"uv":[5.2625,4.0125,6.3625,4.4875],"tintindex":-2,"rotation":0,"texture":"#0"},"north":{"uv":[5.0125,3.5125,6.1125,3.9875],"tintindex":-2,"rotation":0,"texture":"#0"},"west":{"uv":[5.2625,4.5125,6.3625,4.9875],"tintindex":-2,"rotation":0,"texture":"#0"},"up":{"uv":[2.7375,2.8625,1.6375,1.7625],"tintindex":-2,"rotation":0,"texture":"#0"},"down":{"uv":[1.1125,2.7625,0.0125,3.8625],"tintindex":-2,"rotation":0,"texture":"#0"}}},{"from":[6.579256,15.5,1.384779],"to":[9.579256,18.5,5.384779],"faces":{"east":{"uv":[3.2625,1.3875,3.7375,1.7375],"tintindex":-2,"rotation":0,"texture":"#0"},"south":{"uv":[3.1375,7.0125,3.4875,7.3625],"tintindex":-2,"rotation":0,"texture":"#0"},"north":{"uv":[7.0125,2.7625,7.3625,3.1125],"tintindex":-2,"rotation":0,"texture":"#0"},"west":{"uv":[6.7625,0.5125,7.2375,0.8625],"tintindex":-2,"rotation":0,"texture":"#0"},"up":{"uv":[1.6125,7.2375,1.2625,6.7625],"tintindex":-2,"rotation":0,"texture":"#0"},"down":{"uv":[6.4875,6.7625,6.1375,7.2375],"tintindex":-2,"rotation":0,"texture":"#0"}}}],"display":{"gui":{"rotation":[30,225,0]}}}