{"textures":{"0":"modelengine:entity/miner"},"elements":[{"from":[6.0,2.0,6.25],"to":[10.0,8.0,10.25],"faces":{"east":{"uv":[6.1375,3.0125,6.6125,3.7375],"tintindex":-2,"rotation":0,"texture":"#0"},"south":{"uv":[4.1375,6.1375,4.6125,6.8625],"tintindex":-2,"rotation":0,"texture":"#0"},"north":{"uv":[1.8875,6.1375,2.3625,6.8625],"tintindex":-2,"rotation":0,"texture":"#0"},"west":{"uv":[4.6375,6.1375,5.1125,6.8625],"tintindex":-2,"rotation":0,"texture":"#0"},"up":{"uv":[6.9875,1.7375,6.5125,1.2625],"tintindex":-2,"rotation":0,"texture":"#0"},"down":{"uv":[6.9875,1.7625,6.5125,2.2375],"tintindex":-2,"rotation":0,"texture":"#0"}}},{"from":[8.0,8.0,7.25],"to":[8.0,10.0,9.25],"faces":{"east":{"uv":[0.25,7.625,0.0,7.875],"tintindex":-2,"rotation":0,"texture":"#0"},"south":{"uv":[4.1375,6.1375,4.6125,6.8625],"tintindex":-2,"rotation":0,"texture":"#0"},"north":{"uv":[1.8875,6.1375,2.3625,6.8625],"tintindex":-2,"rotation":0,"texture":"#0"},"west":{"uv":[0.0,7.625,0.25,7.875],"tintindex":-2,"rotation":0,"texture":"#0"},"up":{"uv":[6.9875,1.7375,6.5125,1.2625],"tintindex":-2,"rotation":0,"texture":"#0"},"down":{"uv":[6.9875,1.7625,6.5125,2.2375],"tintindex":-2,"rotation":0,"texture":"#0"}}}],"display":{"gui":{"rotation":[30,225,0]}}}