{"textures":{"0":"modelengine:entity/miner"},"elements":[{"from":[5.0,4.5,6.0],"to":[8.0,9.5,10.0],"faces":{"east":{"uv":[6.2625,0.6375,6.7375,1.2375],"tintindex":-2,"rotation":0,"texture":"#0"},"south":{"uv":[6.6375,2.8875,6.9875,3.4875],"tintindex":-2,"rotation":0,"texture":"#0"},"north":{"uv":[6.5125,2.2625,6.8625,2.8625],"tintindex":-2,"rotation":0,"texture":"#0"},"west":{"uv":[3.1375,6.3875,3.6125,6.9875],"tintindex":-2,"rotation":0,"texture":"#0"},"up":{"uv":[2.3625,7.3625,2.0125,6.8875],"tintindex":-2,"rotation":0,"texture":"#0"},"down":{"uv":[7.2375,2.2625,6.8875,2.7375],"tintindex":-2,"rotation":0,"texture":"#0"}}},{"from":[5.5,0.5,6.5],"to":[7.5,4.5,9.5],"faces":{"east":{"uv":[4.1375,6.8875,4.4875,7.3625],"tintindex":-2,"rotation":0,"texture":"#0"},"south":{"uv":[1.2625,7.2625,1.4875,7.7375],"tintindex":-2,"rotation":0,"texture":"#0"},"north":{"uv":[7.2625,0.5125,7.4875,0.9875],"tintindex":-2,"rotation":0,"texture":"#0"},"west":{"uv":[6.8875,4.2625,7.2375,4.7375],"tintindex":-2,"rotation":0,"texture":"#0"},"up":{"uv":[6.3625,7.6125,6.1375,7.2625],"tintindex":-2,"rotation":0,"texture":"#0"},"down":{"uv":[6.6125,7.2625,6.3875,7.6125],"tintindex":-2,"rotation":0,"texture":"#0"}}}],"display":{"gui":{"rotation":[30,225,0]}}}