{"textures":{"0":"modelengine:entity/miner"},"elements":[{"from":[5.5,3.0,6.5],"to":[8.5,10.0,9.5],"faces":{"east":{"uv":[0.3875,6.2625,0.7375,7.1125],"tintindex":-2,"rotation":0,"texture":"#0"},"south":{"uv":[2.3875,6.3875,2.7375,7.2375],"tintindex":-2,"rotation":0,"texture":"#0"},"north":{"uv":[0.0125,6.2625,0.3625,7.1125],"tintindex":-2,"rotation":0,"texture":"#0"},"west":{"uv":[2.7625,6.3875,3.1125,7.2375],"tintindex":-2,"rotation":0,"texture":"#0"},"up":{"uv":[7.3625,3.4875,7.0125,3.1375],"tintindex":-2,"rotation":0,"texture":"#0"},"down":{"uv":[7.3625,5.0125,7.0125,5.3625],"tintindex":-2,"rotation":0,"texture":"#0"}}}],"display":{"gui":{"rotation":[30,225,0]}}}