{"textures":{"0":"modelengine:entity/miner"},"elements":[{"from":[6.5,1.0,4.5],"to":[8.5,4.0,8.5],"faces":{"east":{"uv":[6.7625,0.8875,7.2375,1.2375],"tintindex":-2,"rotation":0,"texture":"#0"},"south":{"uv":[7.2625,7.0125,7.4875,7.3625],"tintindex":-2,"rotation":0,"texture":"#0"},"north":{"uv":[6.6375,7.2625,6.8625,7.6125],"tintindex":-2,"rotation":0,"texture":"#0"},"west":{"uv":[6.8875,6.2625,7.3625,6.6125],"tintindex":-2,"rotation":0,"texture":"#0"},"up":{"uv":[7.4875,2.7375,7.2625,2.2625],"tintindex":-2,"rotation":0,"texture":"#0"},"down":{"uv":[2.6125,7.2625,2.3875,7.7375],"tintindex":-2,"rotation":0,"texture":"#0"}}},{"from":[6.5,4.0,4.5],"to":[9.5,8.0,8.5],"faces":{"east":{"uv":[6.3875,4.2625,6.8625,4.7375],"tintindex":-2,"rotation":0,"texture":"#0"},"south":{"uv":[4.8875,6.8875,5.2375,7.3625],"tintindex":-2,"rotation":0,"texture":"#0"},"north":{"uv":[4.5125,6.8875,4.8625,7.3625],"tintindex":-2,"rotation":0,"texture":"#0"},"west":{"uv":[5.1375,6.3875,5.6125,6.8625],"tintindex":-2,"rotation":0,"texture":"#0"},"up":{"uv":[5.6125,7.3625,5.2625,6.8875],"tintindex":-2,"rotation":0,"texture":"#0"},"down":{"uv":[7.2375,5.7625,6.8875,6.2375],"tintindex":-2,"rotation":0,"texture":"#0"}}},{"from":[8.5,2.0,4.5],"to":[9.5,4.0,6.5],"faces":{"east":{"uv":[7.3875,1.2625,7.6125,1.4875],"tintindex":-2,"rotation":0,"texture":"#0"},"south":{"uv":[3.2625,7.3875,3.3625,7.6125],"tintindex":-2,"rotation":0,"texture":"#0"},"north":{"uv":[3.1375,7.3875,3.2375,7.6125],"tintindex":-2,"rotation":0,"texture":"#0"},"west":{"uv":[7.3875,1.5125,7.6125,1.7375],"tintindex":-2,"rotation":0,"texture":"#0"},"up":{"uv":[7.4875,3.4875,7.3875,3.2625],"tintindex":-2,"rotation":0,"texture":"#0"},"down":{"uv":[3.4875,7.3875,3.3875,7.6125],"tintindex":-2,"rotation":0,"texture":"#0"}}}],"display":{"gui":{"rotation":[30,225,0]}}}