{"textures":{"0":"modelengine:entity/miner"},"elements":[{"from":[9.0,17.081467,14.396581],"to":[11.0,18.081467,17.39658],"faces":{"east":{"uv":[7.3875,2.7625,7.7375,2.8625],"tintindex":-2,"rotation":0,"texture":"#0"},"south":{"uv":[5.1375,7.3875,5.3625,7.4875],"tintindex":-2,"rotation":0,"texture":"#0"},"north":{"uv":[1.6375,6.7625,1.8625,6.8625],"tintindex":-2,"rotation":0,"texture":"#0"},"west":{"uv":[7.3875,2.8875,7.7375,2.9875],"tintindex":-2,"rotation":0,"texture":"#0"},"up":{"uv":[0.9875,7.7375,0.7625,7.3875],"tintindex":-2,"rotation":0,"texture":"#0"},"down":{"uv":[1.2375,7.3875,1.0125,7.7375],"tintindex":-2,"rotation":0,"texture":"#0"}},"rotation":{"origin":[12.0,13.081468,15.396581],"angle":22.5,"axis":"x"}},{"from":[2.0,16.585644,5.574339],"to":[12.0,16.585644,13.574339],"faces":{"up":{"uv":[3.9875,2.7375,2.7625,1.7625],"tintindex":-2,"rotation":0,"texture":"#0"},"down":{"uv":[3.9875,1.7625,2.7625,2.7375],"tintindex":-2,"rotation":0,"texture":"#0"}},"rotation":{"origin":[6.0,16.585644,9.074339],"angle":-22.5,"axis":"x"}},{"from":[0.5,6.0814676,11.396582],"to":[13.5,17.081467,18.39658],"faces":{"east":{"uv":[1.1375,2.8875,1.9875,4.2375],"tintindex":-2,"rotation":0,"texture":"#0"},"south":{"uv":[0.0125,1.3875,1.6125,2.7375],"tintindex":-2,"rotation":0,"texture":"#0"},"north":{"uv":[0.0125,0.0125,1.6125,1.3625],"tintindex":-2,"rotation":0,"texture":"#0"},"west":{"uv":[3.2625,0.0125,4.1125,1.3625],"tintindex":-2,"rotation":0,"texture":"#0"},"up":{"uv":[3.2375,0.8625,1.6375,0.0125],"tintindex":-2,"rotation":0,"texture":"#0"},"down":{"uv":[3.2375,0.8875,1.6375,1.7375],"tintindex":-2,"rotation":0,"texture":"#0"}},"rotation":{"origin":[6.5,13.081468,15.396581],"angle":22.5,"axis":"x"}},{"from":[2.0,10.247176,5.840378],"to":[12.0,15.247176,10.840378],"faces":{"east":{"uv":[6.1375,0.0125,6.7375,0.6125],"tintindex":-2,"rotation":0,"texture":"#0"},"south":{"uv":[4.1375,0.6375,5.3625,1.2375],"tintindex":-2,"rotation":0,"texture":"#0"},"north":{"uv":[4.1375,0.0125,5.3625,0.6125],"tintindex":-2,"rotation":0,"texture":"#0"},"west":{"uv":[1.2625,6.1375,1.8625,6.7375],"tintindex":-2,"rotation":0,"texture":"#0"},"up":{"uv":[5.2375,4.9875,4.0125,4.3875],"tintindex":-2,"rotation":0,"texture":"#0"},"down":{"uv":[2.2375,4.7625,1.0125,5.3625],"tintindex":-2,"rotation":0,"texture":"#0"}}},{"from":[2.0,17.081467,12.396582],"to":[9.0,19.081467,17.39658],"faces":{"east":{"uv":[3.2625,4.7625,3.8625,4.9875],"tintindex":-2,"rotation":0,"texture":"#0"},"south":{"uv":[6.7625,0.2625,7.6125,0.4875],"tintindex":-2,"rotation":0,"texture":"#0"},"north":{"uv":[6.7625,0.0125,7.6125,0.2375],"tintindex":-2,"rotation":0,"texture":"#0"},"west":{"uv":[2.6375,5.5125,3.2375,5.7375],"tintindex":-2,"rotation":0,"texture":"#0"},"up":{"uv":[2.6125,6.1125,1.7625,5.5125],"tintindex":-2,"rotation":0,"texture":"#0"},"down":{"uv":[5.1125,5.5125,4.2625,6.1125],"tintindex":-2,"rotation":0,"texture":"#0"}},"rotation":{"origin":[6.0,13.081468,15.396581],"angle":22.5,"axis":"x"}},{"from":[3.0,5.088663,4.6099353],"to":[11.0,11.088664,10.609936],"faces":{"east":{"uv":[2.0125,2.8875,2.7375,3.6125],"tintindex":-2,"rotation":0,"texture":"#0"},"south":{"uv":[0.0125,4.8875,0.9875,5.6125],"tintindex":-2,"rotation":0,"texture":"#0"},"north":{"uv":[2.2625,4.7625,3.2375,5.4875],"tintindex":-2,"rotation":0,"texture":"#0"},"west":{"uv":[5.3875,0.0125,6.1125,0.7375],"tintindex":-2,"rotation":0,"texture":"#0"},"up":{"uv":[5.9875,1.9875,5.0125,1.2625],"tintindex":-2,"rotation":0,"texture":"#0"},"down":{"uv":[5.9875,2.0125,5.0125,2.7375],"tintindex":-2,"rotation":0,"texture":"#0"}},"rotation":{"origin":[7.0,10.088664,8.609936],"angle":22.5,"axis":"x"}},{"from":[4.0,4.088663,3.6099353],"to":[10.0,8.088663,9.609936],"faces":{"east":{"uv":[2.6375,5.7625,3.3875,6.2625],"tintindex":-2,"rotation":0,"texture":"#0"},"south":{"uv":[3.375,5.75,4.125,6.25],"tintindex":-2,"rotation":0,"texture":"#0"},"north":{"uv":[0.0,5.625,0.75,6.125],"tintindex":-2,"rotation":0,"texture":"#0"},"west":{"uv":[5.1375,5.7625,5.8875,6.2625],"tintindex":-2,"rotation":0,"texture":"#0"},"up":{"uv":[1.7375,6.1125,1.0125,5.3875],"tintindex":-2,"rotation":0,"texture":"#0"},"down":{"uv":[6.1125,5.0125,5.3875,5.7375],"tintindex":-2,"rotation":0,"texture":"#0"}}}],"display":{"gui":{"rotation":[30,225,0]}}}