{"textures":{"0":"modelengine:entity/miner"},"elements":[{"from":[7.0,1.75,1.5],"to":[9.0,3.75,11.5],"faces":{"east":{"uv":[7.6125,4.0125,6.3875,4.2375],"tintindex":-2,"rotation":0,"texture":"#0"},"south":{"uv":[7.6125,1.7625,7.3875,1.9875],"tintindex":-2,"rotation":0,"texture":"#0"},"north":{"uv":[1.8625,7.3875,1.6375,7.6125],"tintindex":-2,"rotation":0,"texture":"#0"},"west":{"uv":[7.3625,3.7625,6.1375,3.9875],"tintindex":-2,"rotation":0,"texture":"#0"},"up":{"uv":[3.6375,7.6125,3.8625,6.3875],"tintindex":-2,"rotation":0,"texture":"#0"},"down":{"uv":[3.8875,6.3875,4.1125,7.6125],"tintindex":-2,"rotation":0,"texture":"#0"}}},{"from":[7.25,-0.75,-2.0],"to":[8.25,6.25,0.0],"faces":{"east":{"uv":[6.1125,6.6375,5.8875,7.4875],"tintindex":-2,"rotation":0,"texture":"#0"},"south":{"uv":[1.6125,7.2625,1.5125,8.1125],"tintindex":-2,"rotation":0,"texture":"#0"},"north":{"uv":[3.6125,7.0125,3.5125,7.8625],"tintindex":-2,"rotation":0,"texture":"#0"},"west":{"uv":[5.8625,6.3875,5.6375,7.2375],"tintindex":-2,"rotation":0,"texture":"#0"},"up":{"uv":[4.2625,7.6125,4.3625,7.3875],"tintindex":-2,"rotation":0,"texture":"#0"},"down":{"uv":[4.3875,7.3875,4.4875,7.6125],"tintindex":-2,"rotation":0,"texture":"#0"}}},{"from":[7.25,8.152625,0.8591609],"to":[8.25,10.152625,2.859161],"faces":{"east":{"uv":[7.6125,2.2375,7.3875,2.0125],"tintindex":-2,"rotation":0,"texture":"#0"},"south":{"uv":[4.9875,7.6125,4.8875,7.3875],"tintindex":-2,"rotation":0,"texture":"#0"},"north":{"uv":[4.8625,7.6125,4.7625,7.3875],"tintindex":-2,"rotation":0,"texture":"#0"},"west":{"uv":[2.1125,7.6125,1.8875,7.3875],"tintindex":-2,"rotation":0,"texture":"#0"},"up":{"uv":[7.3875,5.2375,7.4875,5.0125],"tintindex":-2,"rotation":0,"texture":"#0"},"down":{"uv":[5.0125,7.3875,5.1125,7.6125],"tintindex":-2,"rotation":0,"texture":"#0"}},"rotation":{"origin":[9.25,10.652625,2.359161],"angle":45.0,"axis":"x"}},{"from":[6.5,2.0,4.5],"to":[7.5,4.0,6.5],"faces":{"east":{"uv":[7.6125,1.5125,7.3875,1.7375],"tintindex":-2,"rotation":0,"texture":"#0"},"south":{"uv":[3.3625,7.3875,3.2625,7.6125],"tintindex":-2,"rotation":0,"texture":"#0"},"north":{"uv":[3.2375,7.3875,3.1375,7.6125],"tintindex":-2,"rotation":0,"texture":"#0"},"west":{"uv":[7.6125,1.2625,7.3875,1.4875],"tintindex":-2,"rotation":0,"texture":"#0"},"up":{"uv":[7.3875,3.4875,7.4875,3.2625],"tintindex":-2,"rotation":0,"texture":"#0"},"down":{"uv":[3.3875,7.3875,3.4875,7.6125],"tintindex":-2,"rotation":0,"texture":"#0"}}},{"from":[6.5,1.25,-2.5],"to":[9.5,4.25,1.5],"faces":{"east":{"uv":[1.2375,7.0125,0.7625,7.3625],"tintindex":-2,"rotation":0,"texture":"#0"},"south":{"uv":[7.2375,7.0125,6.8875,7.3625],"tintindex":-2,"rotation":0,"texture":"#0"},"north":{"uv":[7.3625,5.3875,7.0125,5.7375],"tintindex":-2,"rotation":0,"texture":"#0"},"west":{"uv":[7.3625,6.6375,6.8875,6.9875],"tintindex":-2,"rotation":0,"texture":"#0"},"up":{"uv":[7.0125,1.7375,7.3625,1.2625],"tintindex":-2,"rotation":0,"texture":"#0"},"down":{"uv":[7.0125,1.7625,7.3625,2.2375],"tintindex":-2,"rotation":0,"texture":"#0"}}},{"from":[7.25,-3.9095535,-0.77478886],"to":[8.25,0.09044695,1.2252111],"faces":{"east":{"uv":[5.8625,7.2625,5.6375,7.7375],"tintindex":-2,"rotation":0,"texture":"#0"},"south":{"uv":[6.1125,3.0125,6.0125,3.4875],"tintindex":-2,"rotation":0,"texture":"#0"},"north":{"uv":[1.9875,4.2625,1.8875,4.7375],"tintindex":-2,"rotation":0,"texture":"#0"},"west":{"uv":[7.4875,4.2625,7.2625,4.7375],"tintindex":-2,"rotation":0,"texture":"#0"},"up":{"uv":[4.5125,7.6125,4.6125,7.3875],"tintindex":-2,"rotation":0,"texture":"#0"},"down":{"uv":[4.6375,7.3875,4.7375,7.6125],"tintindex":-2,"rotation":0,"texture":"#0"}},"rotation":{"origin":[9.25,-3.4095535,0.72521114],"angle":-22.5,"axis":"x"}},{"from":[7.5,1.0,4.5],"to":[9.5,4.0,8.5],"faces":{"east":{"uv":[7.3625,6.2625,6.8875,6.6125],"tintindex":-2,"rotation":0,"texture":"#0"},"south":{"uv":[7.4875,7.0125,7.2625,7.3625],"tintindex":-2,"rotation":0,"texture":"#0"},"north":{"uv":[6.8625,7.2625,6.6375,7.6125],"tintindex":-2,"rotation":0,"texture":"#0"},"west":{"uv":[7.2375,0.8875,6.7625,1.2375],"tintindex":-2,"rotation":0,"texture":"#0"},"up":{"uv":[7.2625,2.7375,7.4875,2.2625],"tintindex":-2,"rotation":0,"texture":"#0"},"down":{"uv":[2.3875,7.2625,2.6125,7.7375],"tintindex":-2,"rotation":0,"texture":"#0"}}},{"from":[7.25,5.4095535,-0.77478886],"to":[8.25,9.409554,1.2252111],"faces":{"east":{"uv":[5.8625,7.7375,5.6375,7.2625],"tintindex":-2,"rotation":0,"texture":"#0"},"south":{"uv":[6.1125,3.4875,6.0125,3.0125],"tintindex":-2,"rotation":0,"texture":"#0"},"north":{"uv":[1.9875,4.7375,1.8875,4.2625],"tintindex":-2,"rotation":0,"texture":"#0"},"west":{"uv":[7.4875,4.7375,7.2625,4.2625],"tintindex":-2,"rotation":0,"texture":"#0"},"up":{"uv":[4.6375,7.6125,4.7375,7.3875],"tintindex":-2,"rotation":0,"texture":"#0"},"down":{"uv":[4.5125,7.3875,4.6125,7.6125],"tintindex":-2,"rotation":0,"texture":"#0"}},"rotation":{"origin":[9.25,8.909554,0.72521114],"angle":22.5,"axis":"x"}},{"from":[7.25,-4.652625,0.8591609],"to":[8.25,-2.652625,2.859161],"faces":{"east":{"uv":[7.6125,2.0125,7.3875,2.2375],"tintindex":-2,"rotation":0,"texture":"#0"},"south":{"uv":[4.9875,7.3875,4.8875,7.6125],"tintindex":-2,"rotation":0,"texture":"#0"},"north":{"uv":[4.8625,7.3875,4.7625,7.6125],"tintindex":-2,"rotation":0,"texture":"#0"},"west":{"uv":[2.1125,7.3875,1.8875,7.6125],"tintindex":-2,"rotation":0,"texture":"#0"},"up":{"uv":[5.0125,7.6125,5.1125,7.3875],"tintindex":-2,"rotation":0,"texture":"#0"},"down":{"uv":[7.3875,5.0125,7.4875,5.2375],"tintindex":-2,"rotation":0,"texture":"#0"}},"rotation":{"origin":[9.25,-5.152625,2.359161],"angle":-45.0,"axis":"x"}},{"from":[6.5,4.0,4.5],"to":[9.5,8.0,8.5],"faces":{"east":{"uv":[5.6125,6.3875,5.1375,6.8625],"tintindex":-2,"rotation":0,"texture":"#0"},"south":{"uv":[5.2375,6.8875,4.8875,7.3625],"tintindex":-2,"rotation":0,"texture":"#0"},"north":{"uv":[4.8625,6.8875,4.5125,7.3625],"tintindex":-2,"rotation":0,"texture":"#0"},"west":{"uv":[6.8625,4.2625,6.3875,4.7375],"tintindex":-2,"rotation":0,"texture":"#0"},"up":{"uv":[5.2625,7.3625,5.6125,6.8875],"tintindex":-2,"rotation":0,"texture":"#0"},"down":{"uv":[6.8875,5.7625,7.2375,6.2375],"tintindex":-2,"rotation":0,"texture":"#0"}}}],"display":{"gui":{"rotation":[30,225,0]}}}