{"textures":{"0":"modelengine:entity/miner"},"elements":[{"from":[8.0,4.5,6.0],"to":[11.0,9.5,10.0],"faces":{"east":{"uv":[3.6125,6.3875,3.1375,6.9875],"tintindex":-2,"rotation":0,"texture":"#0"},"south":{"uv":[6.9875,2.8875,6.6375,3.4875],"tintindex":-2,"rotation":0,"texture":"#0"},"north":{"uv":[6.8625,2.2625,6.5125,2.8625],"tintindex":-2,"rotation":0,"texture":"#0"},"west":{"uv":[6.7375,0.6375,6.2625,1.2375],"tintindex":-2,"rotation":0,"texture":"#0"},"up":{"uv":[2.0125,7.3625,2.3625,6.8875],"tintindex":-2,"rotation":0,"texture":"#0"},"down":{"uv":[6.8875,2.2625,7.2375,2.7375],"tintindex":-2,"rotation":0,"texture":"#0"}}},{"from":[8.5,0.5,6.5],"to":[10.5,4.5,9.5],"faces":{"east":{"uv":[7.2375,4.2625,6.8875,4.7375],"tintindex":-2,"rotation":0,"texture":"#0"},"south":{"uv":[1.4875,7.2625,1.2625,7.7375],"tintindex":-2,"rotation":0,"texture":"#0"},"north":{"uv":[7.4875,0.5125,7.2625,0.9875],"tintindex":-2,"rotation":0,"texture":"#0"},"west":{"uv":[4.4875,6.8875,4.1375,7.3625],"tintindex":-2,"rotation":0,"texture":"#0"},"up":{"uv":[6.1375,7.6125,6.3625,7.2625],"tintindex":-2,"rotation":0,"texture":"#0"},"down":{"uv":[6.3875,7.2625,6.6125,7.6125],"tintindex":-2,"rotation":0,"texture":"#0"}}}],"display":{"gui":{"rotation":[30,225,0]}}}