{"textures":{"0":"modelengine:entity/miner"},"elements":[{"from":[6.0,1.0,7.5],"to":[10.0,8.0,11.5],"faces":{"east":{"uv":[1.2375,6.1375,0.7625,6.9875],"tintindex":-2,"rotation":0,"texture":"#0"},"south":{"uv":[6.4875,2.1375,6.0125,2.9875],"tintindex":-2,"rotation":0,"texture":"#0"},"north":{"uv":[6.3625,5.7625,5.8875,6.6125],"tintindex":-2,"rotation":0,"texture":"#0"},"west":{"uv":[6.4875,1.2625,6.0125,2.1125],"tintindex":-2,"rotation":0,"texture":"#0"},"up":{"uv":[6.3875,6.2375,6.8625,5.7625],"tintindex":-2,"rotation":0,"texture":"#0"},"down":{"uv":[6.3875,6.2625,6.8625,6.7375],"tintindex":-2,"rotation":0,"texture":"#0"}}},{"from":[6.0,1.0,6.5],"to":[10.0,3.0,7.5],"faces":{"east":{"uv":[4.2375,7.3875,4.1375,7.6125],"tintindex":-2,"rotation":0,"texture":"#0"},"south":{"uv":[3.1125,7.2625,2.6375,7.4875],"tintindex":-2,"rotation":0,"texture":"#0"},"north":{"uv":[7.7375,1.0125,7.2625,1.2375],"tintindex":-2,"rotation":0,"texture":"#0"},"west":{"uv":[7.4875,3.7625,7.3875,3.9875],"tintindex":-2,"rotation":0,"texture":"#0"},"up":{"uv":[1.1375,2.8625,1.6125,2.7625],"tintindex":-2,"rotation":0,"texture":"#0"},"down":{"uv":[2.0125,3.6375,2.4875,3.7375],"tintindex":-2,"rotation":0,"texture":"#0"}}}],"display":{"gui":{"rotation":[30,225,0]}}}