{"textures":{"0":"modelengine:entity/king"},"elements":[{"from":[3.0,11.055643,1.6917224],"to":[7.0,13.055643,2.6917224],"faces":{"east":{"uv":[8.7625,3.7625,8.8625,3.9875],"tintindex":-2,"rotation":0,"texture":"#0"},"south":{"uv":[6.1375,2.7625,6.6125,2.9875],"tintindex":-2,"rotation":0,"texture":"#0"},"north":{"uv":[5.6375,2.7625,6.1125,2.9875],"tintindex":-2,"rotation":0,"texture":"#0"},"west":{"uv":[8.7625,7.0125,8.8625,7.2375],"tintindex":-2,"rotation":0,"texture":"#0"},"up":{"uv":[7.3625,4.4875,6.8875,4.3875],"tintindex":-2,"rotation":0,"texture":"#0"},"down":{"uv":[8.6125,4.2625,8.1375,4.3625],"tintindex":-2,"rotation":0,"texture":"#0"}}},{"from":[3.5792565,9.055643,6.806944],"to":[4.579256,12.055643,8.806944],"faces":{"east":{"uv":[5.8875,9.3875,6.1125,9.7375],"tintindex":-2,"rotation":0,"texture":"#0"},"south":{"uv":[2.3875,9.2625,2.4875,9.6125],"tintindex":-2,"rotation":0,"texture":"#0"},"north":{"uv":[2.3875,8.8875,2.4875,9.2375],"tintindex":-2,"rotation":0,"texture":"#0"},"west":{"uv":[3.5125,9.5125,3.7375,9.8625],"tintindex":-2,"rotation":0,"texture":"#0"},"up":{"uv":[4.6125,9.7375,4.5125,9.5125],"tintindex":-2,"rotation":0,"texture":"#0"},"down":{"uv":[2.4875,9.6375,2.3875,9.8625],"tintindex":-2,"rotation":0,"texture":"#0"}},"rotation":{"origin":[4.079256,10.555643,7.806944],"angle":-22.5,"axis":"y"}},{"from":[4.0,15.012024,2.6907706],"to":[12.0,23.012024,2.6907706],"faces":{"east":{"uv":[6.6375,0.7625,7.6125,1.7375],"tintindex":-2,"rotation":0,"texture":"#0"},"south":{"uv":[7.85,2.7625,6.8875,3.725],"tintindex":-2,"rotation":0,"texture":"#0"},"north":{"uv":[6.3875,6.2625,7.3625,7.2375],"tintindex":-2,"rotation":0,"texture":"#0"},"west":{"uv":[6.6375,4.5125,7.6125,5.4875],"tintindex":-2,"rotation":0,"texture":"#0"},"up":{"uv":[7.8625,3.7375,6.8875,2.7625],"tintindex":-2,"rotation":0,"texture":"#0"},"down":{"uv":[6.3625,7.2625,5.3875,8.2375],"tintindex":-2,"rotation":0,"texture":"#0"}}},{"from":[11.420744,9.055643,6.806944],"to":[12.420744,12.055643,8.806944],"faces":{"east":{"uv":[3.7375,9.5125,3.5125,9.8625],"tintindex":-2,"rotation":0,"texture":"#0"},"south":{"uv":[2.4875,9.2625,2.3875,9.6125],"tintindex":-2,"rotation":0,"texture":"#0"},"north":{"uv":[2.4875,8.8875,2.3875,9.2375],"tintindex":-2,"rotation":0,"texture":"#0"},"west":{"uv":[6.1125,9.3875,5.8875,9.7375],"tintindex":-2,"rotation":0,"texture":"#0"},"up":{"uv":[4.5125,9.7375,4.6125,9.5125],"tintindex":-2,"rotation":0,"texture":"#0"},"down":{"uv":[2.3875,9.6375,2.4875,9.8625],"tintindex":-2,"rotation":0,"texture":"#0"}},"rotation":{"origin":[11.920744,10.555643,7.806944],"angle":22.5,"axis":"y"}},{"from":[9.0,11.055643,1.6917224],"to":[13.0,13.055643,2.6917224],"faces":{"east":{"uv":[6.1375,9.3875,6.2375,9.6125],"tintindex":-2,"rotation":0,"texture":"#0"},"south":{"uv":[8.1375,4.0125,8.6125,4.2375],"tintindex":-2,"rotation":0,"texture":"#0"},"north":{"uv":[3.0125,7.1375,3.4875,7.3625],"tintindex":-2,"rotation":0,"texture":"#0"},"west":{"uv":[8.6375,9.3875,8.7375,9.6125],"tintindex":-2,"rotation":0,"texture":"#0"},"up":{"uv":[9.3625,8.2375,8.8875,8.1375],"tintindex":-2,"rotation":0,"texture":"#0"},"down":{"uv":[9.8625,8.1375,9.3875,8.2375],"tintindex":-2,"rotation":0,"texture":"#0"}}},{"from":[8.4650755,7.366396,0.69172287],"to":[12.4650755,9.366396,2.6917224],"faces":{"east":{"uv":[8.7375,2.5125,8.5125,2.7375],"tintindex":-2,"rotation":0,"texture":"#0"},"south":{"uv":[9.3625,7.8875,8.8875,8.1125],"tintindex":-2,"rotation":0,"texture":"#0"},"north":{"uv":[8.7375,7.0125,8.2625,7.2375],"tintindex":-2,"rotation":0,"texture":"#0"},"west":{"uv":[6.8625,2.7625,6.6375,2.9875],"tintindex":-2,"rotation":0,"texture":"#0"},"up":{"uv":[9.3875,8.1125,9.8625,7.8875],"tintindex":-2,"rotation":0,"texture":"#0"},"down":{"uv":[8.1375,9.3875,8.6125,9.6125],"tintindex":-2,"rotation":0,"texture":"#0"}},"rotation":{"origin":[10.4650755,8.366396,1.1917229],"angle":-22.5,"axis":"z"}},{"from":[3.0,-2.6779366,0.3523302],"to":[13.0,4.3220634,0.3523302],"faces":{"south":{"uv":[6.6125,4.5125,5.3875,5.3625],"tintindex":-2,"rotation":0,"texture":"#0"},"north":{"uv":[5.3875,4.5125,6.6125,5.3625],"tintindex":-2,"rotation":0,"texture":"#0"}},"rotation":{"origin":[8.0,0.82206345,0.3523302],"angle":22.5,"axis":"x"}},{"from":[4.0,15.055641,10.691723],"to":[12.0,23.055641,10.691723],"faces":{"east":{"uv":[6.6375,0.7625,7.6125,1.7375],"tintindex":-2,"rotation":0,"texture":"#0"},"south":{"uv":[6.6375,1.7625,7.6125,2.7375],"tintindex":-2,"rotation":0,"texture":"#0"},"north":{"uv":[7.85,2.7625,6.8875,3.725],"tintindex":-2,"rotation":0,"texture":"#0"},"west":{"uv":[6.6375,1.7625,7.6125,2.7375],"tintindex":-2,"rotation":0,"texture":"#0"},"up":{"uv":[7.8625,3.7375,6.8875,2.7625],"tintindex":-2,"rotation":0,"texture":"#0"},"down":{"uv":[6.3625,7.2625,5.3875,8.2375],"tintindex":-2,"rotation":0,"texture":"#0"}}},{"from":[4.0,15.055641,2.6917224],"to":[4.0,23.055641,10.691723],"faces":{"east":{"uv":[7.85,2.7625,6.8875,3.725],"tintindex":-2,"rotation":0,"texture":"#0"},"south":{"uv":[6.6375,1.7625,7.6125,2.7375],"tintindex":-2,"rotation":0,"texture":"#0"},"north":{"uv":[6.3875,6.2625,7.3625,7.2375],"tintindex":-2,"rotation":0,"texture":"#0"},"west":{"uv":[6.6375,4.5125,7.6125,5.4875],"tintindex":-2,"rotation":0,"texture":"#0"},"up":{"uv":[7.8625,3.7375,6.8875,2.7625],"tintindex":-2,"rotation":0,"texture":"#0"},"down":{"uv":[6.3625,7.2625,5.3875,8.2375],"tintindex":-2,"rotation":0,"texture":"#0"}}},{"from":[12.0,15.055641,2.6917224],"to":[12.0,23.055641,10.691723],"faces":{"east":{"uv":[6.6375,0.7625,7.6125,1.7375],"tintindex":-2,"rotation":0,"texture":"#0"},"south":{"uv":[6.6375,1.7625,7.6125,2.7375],"tintindex":-2,"rotation":0,"texture":"#0"},"north":{"uv":[6.3875,6.2625,7.3625,7.2375],"tintindex":-2,"rotation":0,"texture":"#0"},"west":{"uv":[7.85,2.7625,6.8875,3.725],"tintindex":-2,"rotation":0,"texture":"#0"},"up":{"uv":[7.8625,3.7375,6.8875,2.7625],"tintindex":-2,"rotation":0,"texture":"#0"},"down":{"uv":[6.3625,7.2625,5.3875,8.2375],"tintindex":-2,"rotation":0,"texture":"#0"}}},{"from":[7.0,9.055643,1.6917224],"to":[9.0,12.055643,2.6917224],"faces":{"east":{"uv":[8.0125,8.3875,8.1125,8.7375],"tintindex":-2,"rotation":0,"texture":"#0"},"south":{"uv":[2.1375,9.3875,2.3625,9.7375],"tintindex":-2,"rotation":0,"texture":"#0"},"north":{"uv":[8.6375,4.0125,8.8625,4.3625],"tintindex":-2,"rotation":0,"texture":"#0"},"west":{"uv":[8.0125,8.7625,8.1125,9.1125],"tintindex":-2,"rotation":0,"texture":"#0"},"up":{"uv":[3.4875,7.4875,3.2625,7.3875],"tintindex":-2,"rotation":0,"texture":"#0"},"down":{"uv":[7.6125,4.3875,7.3875,4.4875],"tintindex":-2,"rotation":0,"texture":"#0"}}},{"from":[4.0,7.055643,2.6917224],"to":[12.0,15.055641,10.691723],"faces":{"east":{"uv":[5.6375,1.7625,6.6125,2.7375],"tintindex":-2,"rotation":0,"texture":"#0"},"south":{"uv":[5.3875,6.2625,6.3625,7.2375],"tintindex":-2,"rotation":0,"texture":"#0"},"north":{"uv":[5.6375,0.7625,6.6125,1.7375],"tintindex":-2,"rotation":0,"texture":"#0"},"west":{"uv":[0.0125,6.3875,0.9875,7.3625],"tintindex":-2,"rotation":0,"texture":"#0"},"up":{"uv":[1.9875,7.3625,1.0125,6.3875],"tintindex":-2,"rotation":0,"texture":"#0"},"down":{"uv":[2.9875,6.3875,2.0125,7.3625],"tintindex":-2,"rotation":0,"texture":"#0"}}},{"from":[3.5349245,7.366396,0.69172287],"to":[7.5349245,9.366396,2.6917224],"faces":{"east":{"uv":[6.6375,2.7625,6.8625,2.9875],"tintindex":-2,"rotation":0,"texture":"#0"},"south":{"uv":[8.8875,7.8875,9.3625,8.1125],"tintindex":-2,"rotation":0,"texture":"#0"},"north":{"uv":[8.2625,7.0125,8.7375,7.2375],"tintindex":-2,"rotation":0,"texture":"#0"},"west":{"uv":[8.5125,2.5125,8.7375,2.7375],"tintindex":-2,"rotation":0,"texture":"#0"},"up":{"uv":[9.8625,8.1125,9.3875,7.8875],"tintindex":-2,"rotation":0,"texture":"#0"},"down":{"uv":[8.6125,9.3875,8.1375,9.6125],"tintindex":-2,"rotation":0,"texture":"#0"}},"rotation":{"origin":[5.5349245,8.366396,1.1917229],"angle":22.5,"axis":"z"}},{"from":[3.0,4.055643,1.6917224],"to":[13.0,9.055643,7.691723],"faces":{"east":{"uv":[9.0125,0.0125,9.7375,0.6125],"tintindex":-2,"rotation":0,"texture":"#0"},"south":{"uv":[7.6375,4.3875,8.8625,4.9875],"tintindex":-2,"rotation":0,"texture":"#0"},"north":{"uv":[6.8875,3.7625,8.1125,4.3625],"tintindex":-2,"rotation":0,"texture":"#0"},"west":{"uv":[9.1375,4.8875,9.8625,5.4875],"tintindex":-2,"rotation":0,"texture":"#0"},"up":{"uv":[7.8625,6.2375,6.6375,5.5125],"tintindex":-2,"rotation":0,"texture":"#0"},"down":{"uv":[8.1125,0.0125,6.8875,0.7375],"tintindex":-2,"rotation":0,"texture":"#0"}}}],"display":{"gui":{"rotation":[30,225,0]}}}