{"textures":{"0":"modelengine:entity/king"},"elements":[{"from":[0.0,0.55376816,2.674622],"to":[5.0,18.553768,14.674622],"faces":{"east":{"uv":[0.0125,2.2625,1.4875,4.4875],"tintindex":-2,"rotation":0,"texture":"#0"},"south":{"uv":[4.7625,5.2625,5.3625,7.4875],"tintindex":-2,"rotation":0,"texture":"#0"},"north":{"uv":[4.1375,5.2625,4.7375,7.4875],"tintindex":-2,"rotation":0,"texture":"#0"},"west":{"uv":[1.5125,2.2625,2.9875,4.4875],"tintindex":-2,"rotation":0,"texture":"#0"},"up":{"uv":[1.8625,8.8625,1.2625,7.3875],"tintindex":-2,"rotation":0,"texture":"#0"},"down":{"uv":[2.4875,7.3875,1.8875,8.8625],"tintindex":-2,"rotation":0,"texture":"#0"}}},{"from":[5.0,5.553768,4.6746216],"to":[11.0,18.553768,14.674622],"faces":{"east":{"uv":[3.0125,0.0125,4.2375,1.6125],"tintindex":-2,"rotation":0,"texture":"#0"},"south":{"uv":[4.2625,2.2625,4.9875,3.8625],"tintindex":-2,"rotation":0,"texture":"#0"},"north":{"uv":[4.2625,0.0125,4.9875,1.6125],"tintindex":-2,"rotation":0,"texture":"#0"},"west":{"uv":[3.0125,2.2625,4.2375,3.8625],"tintindex":-2,"rotation":0,"texture":"#0"},"up":{"uv":[3.2375,8.6125,2.5125,7.3875],"tintindex":-2,"rotation":0,"texture":"#0"},"down":{"uv":[3.9875,7.5125,3.2625,8.7375],"tintindex":-2,"rotation":0,"texture":"#0"}}},{"from":[10.0,16.0,0.0],"to":[17.0,22.0,15.0],"faces":{"east":{"uv":[3.5125,4.5125,5.3625,5.2375],"tintindex":-2,"rotation":0,"texture":"#0"},"south":{"uv":[8.2625,6.2625,9.1125,6.9875],"tintindex":-2,"rotation":0,"texture":"#0"},"north":{"uv":[8.1375,0.0125,8.9875,0.7375],"tintindex":-2,"rotation":0,"texture":"#0"},"west":{"uv":[5.0125,0.0125,6.8625,0.7375],"tintindex":-2,"rotation":0,"texture":"#0"},"up":{"uv":[0.8625,6.3625,0.0125,4.5125],"tintindex":-2,"rotation":0,"texture":"#0"},"down":{"uv":[1.7375,4.5125,0.8875,6.3625],"tintindex":-2,"rotation":0,"texture":"#0"}},"rotation":{"origin":[8.0,21.0,10.0],"angle":-22.5,"axis":"x"}},{"from":[5.0,16.0,3.0],"to":[11.0,24.0,10.0],"faces":{"east":{"uv":[7.6375,0.7625,8.4875,1.7375],"tintindex":-2,"rotation":0,"texture":"#0"},"south":{"uv":[4.8875,8.2625,5.6125,9.2375],"tintindex":-2,"rotation":0,"texture":"#0"},"north":{"uv":[8.1375,7.2625,8.8625,8.2375],"tintindex":-2,"rotation":0,"texture":"#0"},"west":{"uv":[7.6375,1.7625,8.4875,2.7375],"tintindex":-2,"rotation":0,"texture":"#0"},"up":{"uv":[9.2375,1.6125,8.5125,0.7625],"tintindex":-2,"rotation":0,"texture":"#0"},"down":{"uv":[9.2375,1.6375,8.5125,2.4875],"tintindex":-2,"rotation":0,"texture":"#0"}},"rotation":{"origin":[2.0,21.0,10.0],"angle":-22.5,"axis":"x"}},{"from":[-1.0,9.553768,1.674622],"to":[16.0,15.553768,1.674622],"faces":{"east":{"uv":[0.0125,0.0125,1.4875,2.2375],"tintindex":-2,"rotation":0,"texture":"#0"},"south":{"uv":[10.1375,0.0125,12.2375,0.7375],"tintindex":-2,"rotation":0,"texture":"#0"},"north":{"uv":[10.1375,0.0125,12.2375,0.7375],"tintindex":-2,"rotation":0,"texture":"#0"},"west":{"uv":[1.5125,0.0125,2.9875,2.2375],"tintindex":-2,"rotation":0,"texture":"#0"},"up":{"uv":[0.6125,8.8625,0.0125,7.3875],"tintindex":-2,"rotation":0,"texture":"#0"},"down":{"uv":[1.2375,7.3875,0.6375,8.8625],"tintindex":-2,"rotation":0,"texture":"#0"}}},{"from":[-1.0,16.0,0.0],"to":[6.0,22.0,15.0],"faces":{"east":{"uv":[5.0125,3.0125,6.8625,3.7375],"tintindex":-2,"rotation":0,"texture":"#0"},"south":{"uv":[7.1375,8.3875,7.9875,9.1125],"tintindex":-2,"rotation":0,"texture":"#0"},"north":{"uv":[6.2625,8.3875,7.1125,9.1125],"tintindex":-2,"rotation":0,"texture":"#0"},"west":{"uv":[5.0125,3.7625,6.8625,4.4875],"tintindex":-2,"rotation":0,"texture":"#0"},"up":{"uv":[2.6125,6.3625,1.7625,4.5125],"tintindex":-2,"rotation":0,"texture":"#0"},"down":{"uv":[3.4875,4.5125,2.6375,6.3625],"tintindex":-2,"rotation":0,"texture":"#0"}},"rotation":{"origin":[-3.0,21.0,10.0],"angle":-22.5,"axis":"x"}},{"from":[5.0,0.55376816,12.674622],"to":[11.0,5.553768,14.674622],"faces":{"east":{"uv":[0.2625,9.8875,0.4875,10.4875],"tintindex":-2,"rotation":0,"texture":"#0"},"south":{"uv":[4.2625,3.8875,4.9875,4.4875],"tintindex":-2,"rotation":0,"texture":"#0"},"north":{"uv":[4.2625,1.6375,4.9875,2.2375],"tintindex":-2,"rotation":0,"texture":"#0"},"west":{"uv":[0.0125,9.8875,0.2375,10.4875],"tintindex":-2,"rotation":0,"texture":"#0"},"up":{"uv":[3.2375,8.6125,2.5125,8.3875],"tintindex":-2,"rotation":0,"texture":"#0"},"down":{"uv":[3.9875,7.5125,3.2625,7.7375],"tintindex":-2,"rotation":0,"texture":"#0"}}},{"from":[6.0,16.0,9.0],"to":[10.0,22.0,15.0],"faces":{"east":{"uv":[3.0125,8.7625,3.7375,9.4875],"tintindex":-2,"rotation":0,"texture":"#0"},"south":{"uv":[4.8875,7.5125,5.3625,8.2375],"tintindex":-2,"rotation":0,"texture":"#0"},"north":{"uv":[3.0125,6.3875,3.4875,7.1125],"tintindex":-2,"rotation":0,"texture":"#0"},"west":{"uv":[8.7625,8.2625,9.4875,8.9875],"tintindex":-2,"rotation":0,"texture":"#0"},"up":{"uv":[8.1125,9.8625,7.6375,9.1375],"tintindex":-2,"rotation":0,"texture":"#0"},"down":{"uv":[9.7375,1.2625,9.2625,1.9875],"tintindex":-2,"rotation":0,"texture":"#0"}},"rotation":{"origin":[1.0,21.0,10.0],"angle":-22.5,"axis":"x"}},{"from":[11.0,0.55376816,2.674622],"to":[16.0,18.553768,14.674622],"faces":{"east":{"uv":[0.0125,0.0125,1.4875,2.2375],"tintindex":-2,"rotation":0,"texture":"#0"},"south":{"uv":[3.5125,5.2625,4.1125,7.4875],"tintindex":-2,"rotation":0,"texture":"#0"},"north":{"uv":[5.0125,0.7625,5.6125,2.9875],"tintindex":-2,"rotation":0,"texture":"#0"},"west":{"uv":[1.5125,0.0125,2.9875,2.2375],"tintindex":-2,"rotation":0,"texture":"#0"},"up":{"uv":[0.6125,8.8625,0.0125,7.3875],"tintindex":-2,"rotation":0,"texture":"#0"},"down":{"uv":[1.2375,7.3875,0.6375,8.8625],"tintindex":-2,"rotation":0,"texture":"#0"}}}],"display":{"gui":{"rotation":[30,225,0]}}}