{"textures":{"0":"modelengine:entity/king"},"elements":[{"from":[5.0,3.4462318,5.3253784],"to":[9.0,10.446232,10.325378],"faces":{"east":{"uv":[10.6375,3.7625,11.2375,4.6125],"tintindex":-2,"rotation":0,"texture":"#0"},"south":{"uv":[10.2625,2.8875,10.7375,3.7375],"tintindex":-2,"rotation":0,"texture":"#0"},"north":{"uv":[9.7625,2.8875,10.2375,3.7375],"tintindex":-2,"rotation":0,"texture":"#0"},"west":{"uv":[10.0125,3.7625,10.6125,4.6125],"tintindex":-2,"rotation":0,"texture":"#0"},"up":{"uv":[10.3625,5.4875,9.8875,4.8875],"tintindex":-2,"rotation":0,"texture":"#0"},"down":{"uv":[10.8625,4.8875,10.3875,5.4875],"tintindex":-2,"rotation":0,"texture":"#0"}}}],"display":{"gui":{"rotation":[30,225,0]}}}