{"textures":{"0":"modelengine:entity/king"},"elements":[{"from":[3.1000004,3.0,5.0],"to":[8.1,11.0,12.0],"faces":{"east":{"uv":[7.3875,6.2625,8.2375,7.2375],"tintindex":-2,"rotation":0,"texture":"#0"},"south":{"uv":[8.5125,5.0125,9.1125,5.9875],"tintindex":-2,"rotation":0,"texture":"#0"},"north":{"uv":[4.0125,8.5125,4.6125,9.4875],"tintindex":-2,"rotation":0,"texture":"#0"},"west":{"uv":[4.0125,7.5125,4.8625,8.4875],"tintindex":-2,"rotation":0,"texture":"#0"},"up":{"uv":[2.1125,9.7375,1.5125,8.8875],"tintindex":-2,"rotation":0,"texture":"#0"},"down":{"uv":[9.4875,3.7625,8.8875,4.6125],"tintindex":-2,"rotation":0,"texture":"#0"}}}],"display":{"gui":{"rotation":[30,225,0]}}}