{"textures":{"0":"modelengine:entity/king"},"elements":[{"from":[6.0,-4.0,2.0],"to":[8.0,-2.0,6.0],"faces":{"east":{"uv":[9.5125,4.2625,9.9875,4.4875],"tintindex":-2,"rotation":0,"texture":"#0"},"south":{"uv":[9.5125,8.5125,9.7375,8.7375],"tintindex":-2,"rotation":0,"texture":"#0"},"north":{"uv":[9.5125,8.2625,9.7375,8.4875],"tintindex":-2,"rotation":0,"texture":"#0"},"west":{"uv":[9.5125,7.0125,9.9875,7.2375],"tintindex":-2,"rotation":0,"texture":"#0"},"up":{"uv":[7.8625,5.4875,7.6375,5.0125],"tintindex":-2,"rotation":0,"texture":"#0"},"down":{"uv":[8.1125,2.7625,7.8875,3.2375],"tintindex":-2,"rotation":0,"texture":"#0"}}},{"from":[8.0,-4.0,2.0],"to":[10.0,-2.0,4.0],"faces":{"east":{"uv":[9.3875,9.5125,9.6125,9.7375],"tintindex":-2,"rotation":0,"texture":"#0"},"south":{"uv":[0.0125,9.6375,0.2375,9.8625],"tintindex":-2,"rotation":0,"texture":"#0"},"north":{"uv":[9.5125,8.7625,9.7375,8.9875],"tintindex":-2,"rotation":0,"texture":"#0"},"west":{"uv":[0.2625,9.6375,0.4875,9.8625],"tintindex":-2,"rotation":0,"texture":"#0"},"up":{"uv":[0.7375,9.8625,0.5125,9.6375],"tintindex":-2,"rotation":0,"texture":"#0"},"down":{"uv":[0.9875,9.6375,0.7625,9.8625],"tintindex":-2,"rotation":0,"texture":"#0"}}},{"from":[5.5,-1.0,1.0],"to":[10.5,8.0,8.0],"faces":{"east":{"uv":[6.3875,7.2625,7.2375,8.3625],"tintindex":-2,"rotation":0,"texture":"#0"},"south":{"uv":[8.1375,8.2625,8.7375,9.3625],"tintindex":-2,"rotation":0,"texture":"#0"},"north":{"uv":[5.6375,8.2625,6.2375,9.3625],"tintindex":-2,"rotation":0,"texture":"#0"},"west":{"uv":[7.2625,7.2625,8.1125,8.3625],"tintindex":-2,"rotation":0,"texture":"#0"},"up":{"uv":[9.4875,7.8625,8.8875,7.0125],"tintindex":-2,"rotation":0,"texture":"#0"},"down":{"uv":[9.3625,9.0125,8.7625,9.8625],"tintindex":-2,"rotation":0,"texture":"#0"}}},{"from":[6.0,-2.0,2.0],"to":[10.0,0.0,6.0],"faces":{"east":{"uv":[9.5125,3.7625,9.9875,3.9875],"tintindex":-2,"rotation":0,"texture":"#0"},"south":{"uv":[4.0125,9.5125,4.4875,9.7375],"tintindex":-2,"rotation":0,"texture":"#0"},"north":{"uv":[3.0125,9.5125,3.4875,9.7375],"tintindex":-2,"rotation":0,"texture":"#0"},"west":{"uv":[9.5125,4.0125,9.9875,4.2375],"tintindex":-2,"rotation":0,"texture":"#0"},"up":{"uv":[9.6125,5.9875,9.1375,5.5125],"tintindex":-2,"rotation":0,"texture":"#0"},"down":{"uv":[9.7375,3.2625,9.2625,3.7375],"tintindex":-2,"rotation":0,"texture":"#0"}}}],"display":{"gui":{"rotation":[30,225,0]}}}