{"textures":{"0":"modelengine:entity/king"},"elements":[{"from":[7.0,3.4462318,5.3253784],"to":[11.0,10.446232,10.325378],"faces":{"east":{"uv":[10.6125,3.7625,10.0125,4.6125],"tintindex":-2,"rotation":0,"texture":"#0"},"south":{"uv":[10.7375,2.8875,10.2625,3.7375],"tintindex":-2,"rotation":0,"texture":"#0"},"north":{"uv":[10.2375,2.8875,9.7625,3.7375],"tintindex":-2,"rotation":0,"texture":"#0"},"west":{"uv":[11.2375,3.7625,10.6375,4.6125],"tintindex":-2,"rotation":0,"texture":"#0"},"up":{"uv":[9.8875,5.4875,10.3625,4.8875],"tintindex":-2,"rotation":0,"texture":"#0"},"down":{"uv":[10.3875,4.8875,10.8625,5.4875],"tintindex":-2,"rotation":0,"texture":"#0"}}}],"display":{"gui":{"rotation":[30,225,0]}}}