{"textures":{"0":"modelengine:entity/king"},"elements":[{"from":[7.4,3.0,4.0],"to":[12.4,11.0,11.0],"faces":{"east":{"uv":[4.8625,7.5125,4.0125,8.4875],"tintindex":-2,"rotation":0,"texture":"#0"},"south":{"uv":[9.1125,5.0125,8.5125,5.9875],"tintindex":-2,"rotation":0,"texture":"#0"},"north":{"uv":[4.6125,8.5125,4.0125,9.4875],"tintindex":-2,"rotation":0,"texture":"#0"},"west":{"uv":[8.2375,6.2625,7.3875,7.2375],"tintindex":-2,"rotation":0,"texture":"#0"},"up":{"uv":[1.5125,9.7375,2.1125,8.8875],"tintindex":-2,"rotation":0,"texture":"#0"},"down":{"uv":[8.8875,3.7625,9.4875,4.6125],"tintindex":-2,"rotation":0,"texture":"#0"}}}],"display":{"gui":{"rotation":[30,225,0]}}}