{"textures":{"0":"modelengine:entity/king"},"elements":[{"from":[6.0,0.0,-9.0],"to":[10.0,0.0,-7.0],"faces":{"east":{"uv":[2.3625,8.8875,2.1375,9.3625],"tintindex":-2,"rotation":0,"texture":"#0"},"south":{"uv":[5.8625,9.3875,5.3875,9.8625],"tintindex":-2,"rotation":0,"texture":"#0"},"north":{"uv":[5.3625,9.2625,4.8875,9.7375],"tintindex":-2,"rotation":0,"texture":"#0"},"west":{"uv":[8.1125,3.2625,7.8875,3.7375],"tintindex":-2,"rotation":0,"texture":"#0"},"up":{"uv":[9.5125,7.4875,9.9875,7.2625],"tintindex":-2,"rotation":0,"texture":"#0"},"down":{"uv":[9.5125,7.5125,9.9875,7.7375],"tintindex":-2,"rotation":0,"texture":"#0"}}},{"from":[7.0,-3.0,-2.0],"to":[9.0,-1.0,14.0],"faces":{"east":{"uv":[10.8625,4.6375,8.8875,4.8625],"tintindex":-2,"rotation":0,"texture":"#0"},"south":{"uv":[1.4875,9.6375,1.2625,9.8625],"tintindex":-2,"rotation":0,"texture":"#0"},"north":{"uv":[1.2375,9.6375,1.0125,9.8625],"tintindex":-2,"rotation":0,"texture":"#0"},"west":{"uv":[10.4875,6.0125,8.5125,6.2375],"tintindex":-2,"rotation":0,"texture":"#0"},"up":{"uv":[4.6375,10.4875,4.8625,8.5125],"tintindex":-2,"rotation":0,"texture":"#0"},"down":{"uv":[3.7625,8.7625,3.9875,10.7375],"tintindex":-2,"rotation":0,"texture":"#0"}}},{"from":[5.5,-1.0,1.0],"to":[10.5,8.0,8.0],"faces":{"east":{"uv":[8.1125,7.2625,7.2625,8.3625],"tintindex":-2,"rotation":0,"texture":"#0"},"south":{"uv":[8.7375,8.2625,8.1375,9.3625],"tintindex":-2,"rotation":0,"texture":"#0"},"north":{"uv":[6.2375,8.2625,5.6375,9.3625],"tintindex":-2,"rotation":0,"texture":"#0"},"west":{"uv":[7.2375,7.2625,6.3875,8.3625],"tintindex":-2,"rotation":0,"texture":"#0"},"up":{"uv":[8.8875,7.8625,9.4875,7.0125],"tintindex":-2,"rotation":0,"texture":"#0"},"down":{"uv":[8.7625,9.0125,9.3625,9.8625],"tintindex":-2,"rotation":0,"texture":"#0"}}},{"from":[10.0,-4.0,-9.0],"to":[10.0,0.0,-7.0],"faces":{"east":{"uv":[2.3625,8.8875,2.1375,9.3625],"tintindex":-2,"rotation":0,"texture":"#0"},"south":{"uv":[5.8625,9.3875,5.3875,9.8625],"tintindex":-2,"rotation":0,"texture":"#0"},"north":{"uv":[5.3625,9.2625,4.8875,9.7375],"tintindex":-2,"rotation":0,"texture":"#0"},"west":{"uv":[8.1125,3.2625,7.8875,3.7375],"tintindex":-2,"rotation":0,"texture":"#0"},"up":{"uv":[9.5125,7.4875,9.9875,7.2625],"tintindex":-2,"rotation":0,"texture":"#0"},"down":{"uv":[9.5125,7.5125,9.9875,7.7375],"tintindex":-2,"rotation":0,"texture":"#0"}}},{"from":[6.0,-4.0,2.0],"to":[8.0,-2.0,4.0],"faces":{"east":{"uv":[0.4875,9.6375,0.2625,9.8625],"tintindex":-2,"rotation":0,"texture":"#0"},"south":{"uv":[0.2375,9.6375,0.0125,9.8625],"tintindex":-2,"rotation":0,"texture":"#0"},"north":{"uv":[9.7375,8.7625,9.5125,8.9875],"tintindex":-2,"rotation":0,"texture":"#0"},"west":{"uv":[9.6125,9.5125,9.3875,9.7375],"tintindex":-2,"rotation":0,"texture":"#0"},"up":{"uv":[0.5125,9.8625,0.7375,9.6375],"tintindex":-2,"rotation":0,"texture":"#0"},"down":{"uv":[0.7625,9.6375,0.9875,9.8625],"tintindex":-2,"rotation":0,"texture":"#0"}}},{"from":[6.0,-2.0,2.0],"to":[10.0,0.0,6.0],"faces":{"east":{"uv":[9.9875,4.0125,9.5125,4.2375],"tintindex":-2,"rotation":0,"texture":"#0"},"south":{"uv":[4.4875,9.5125,4.0125,9.7375],"tintindex":-2,"rotation":0,"texture":"#0"},"north":{"uv":[3.4875,9.5125,3.0125,9.7375],"tintindex":-2,"rotation":0,"texture":"#0"},"west":{"uv":[9.9875,3.7625,9.5125,3.9875],"tintindex":-2,"rotation":0,"texture":"#0"},"up":{"uv":[9.1375,5.9875,9.6125,5.5125],"tintindex":-2,"rotation":0,"texture":"#0"},"down":{"uv":[9.2625,3.2625,9.7375,3.7375],"tintindex":-2,"rotation":0,"texture":"#0"}}},{"from":[6.0,-4.0,-9.0],"to":[10.0,-4.0,-7.0],"faces":{"east":{"uv":[2.3625,8.8875,2.1375,9.3625],"tintindex":-2,"rotation":0,"texture":"#0"},"south":{"uv":[5.8625,9.3875,5.3875,9.8625],"tintindex":-2,"rotation":0,"texture":"#0"},"north":{"uv":[5.3625,9.2625,4.8875,9.7375],"tintindex":-2,"rotation":0,"texture":"#0"},"west":{"uv":[8.1125,3.2625,7.8875,3.7375],"tintindex":-2,"rotation":0,"texture":"#0"},"up":{"uv":[9.5125,7.4875,9.9875,7.2625],"tintindex":-2,"rotation":0,"texture":"#0"},"down":{"uv":[9.5125,7.5125,9.9875,7.7375],"tintindex":-2,"rotation":0,"texture":"#0"}}},{"from":[8.0,-4.0,2.0],"to":[10.0,-2.0,6.0],"faces":{"east":{"uv":[9.9875,7.0125,9.5125,7.2375],"tintindex":-2,"rotation":0,"texture":"#0"},"south":{"uv":[9.7375,8.5125,9.5125,8.7375],"tintindex":-2,"rotation":0,"texture":"#0"},"north":{"uv":[9.7375,8.2625,9.5125,8.4875],"tintindex":-2,"rotation":0,"texture":"#0"},"west":{"uv":[9.9875,4.2625,9.5125,4.4875],"tintindex":-2,"rotation":0,"texture":"#0"},"up":{"uv":[7.6375,5.4875,7.8625,5.0125],"tintindex":-2,"rotation":0,"texture":"#0"},"down":{"uv":[7.8875,2.7625,8.1125,3.2375],"tintindex":-2,"rotation":0,"texture":"#0"}}},{"from":[6.0,-4.0,-9.0],"to":[6.0,0.0,-7.0],"faces":{"east":{"uv":[2.3625,8.8875,2.1375,9.3625],"tintindex":-2,"rotation":0,"texture":"#0"},"south":{"uv":[5.8625,9.3875,5.3875,9.8625],"tintindex":-2,"rotation":0,"texture":"#0"},"north":{"uv":[5.3625,9.2625,4.8875,9.7375],"tintindex":-2,"rotation":0,"texture":"#0"},"west":{"uv":[8.1125,3.2625,7.8875,3.7375],"tintindex":-2,"rotation":0,"texture":"#0"},"up":{"uv":[9.5125,7.4875,9.9875,7.2625],"tintindex":-2,"rotation":0,"texture":"#0"},"down":{"uv":[9.5125,7.5125,9.9875,7.7375],"tintindex":-2,"rotation":0,"texture":"#0"}}},{"from":[5.0,-5.0,-7.0],"to":[11.0,1.0,-2.0],"faces":{"east":{"uv":[9.7375,6.2625,9.1375,6.9875],"tintindex":-2,"rotation":0,"texture":"#0"},"south":{"uv":[1.4875,8.8875,0.7625,9.6125],"tintindex":-2,"rotation":0,"texture":"#0"},"north":{"uv":[0.7375,8.8875,0.0125,9.6125],"tintindex":-2,"rotation":0,"texture":"#0"},"west":{"uv":[6.8625,9.1375,6.2625,9.8625],"tintindex":-2,"rotation":0,"texture":"#0"},"up":{"uv":[6.8875,9.7375,7.6125,9.1375],"tintindex":-2,"rotation":0,"texture":"#0"},"down":{"uv":[9.2625,0.6375,9.9875,1.2375],"tintindex":-2,"rotation":0,"texture":"#0"}}}],"display":{"gui":{"rotation":[30,225,0]}}}