{"textures":{"0":"modelengine:entity/king"},"elements":[{"from":[6.0,0.94623184,7.0753784],"to":[10.0,2.9462318,8.075378],"faces":{"east":{"uv":[9.7375,5.7625,9.6375,5.9875],"tintindex":-2,"rotation":0,"texture":"#0"},"south":{"uv":[9.8625,9.2625,9.3875,9.4875],"tintindex":-2,"rotation":0,"texture":"#0"},"north":{"uv":[9.8625,9.0125,9.3875,9.2375],"tintindex":-2,"rotation":0,"texture":"#0"},"west":{"uv":[9.7375,5.5125,9.6375,5.7375],"tintindex":-2,"rotation":0,"texture":"#0"},"up":{"uv":[9.5125,4.6125,9.9875,4.5125],"tintindex":-2,"rotation":0,"texture":"#0"},"down":{"uv":[9.5125,7.7625,9.9875,7.8625],"tintindex":-2,"rotation":0,"texture":"#0"}}},{"from":[6.0,0.94623184,8.075378],"to":[10.0,7.946232,13.075378],"faces":{"east":{"uv":[8.7375,3.1375,8.1375,3.9875],"tintindex":-2,"rotation":0,"texture":"#0"},"south":{"uv":[9.2375,2.8875,8.7625,3.7375],"tintindex":-2,"rotation":0,"texture":"#0"},"north":{"uv":[2.9875,9.0125,2.5125,9.8625],"tintindex":-2,"rotation":0,"texture":"#0"},"west":{"uv":[8.4875,5.3875,7.8875,6.2375],"tintindex":-2,"rotation":0,"texture":"#0"},"up":{"uv":[9.2625,3.2375,9.7375,2.6375],"tintindex":-2,"rotation":0,"texture":"#0"},"down":{"uv":[9.2625,2.6375,9.7375,3.2375],"tintindex":-2,"rotation":0,"texture":"#0"}}}],"display":{"gui":{"rotation":[30,225,0]}}}