{"textures":{"0":"modelengine:entity/minecart"},"elements":[{"from":[14.0,-8.0,0.0],"to":[16.0,-3.0,5.0],"faces":{"east":{"uv":[1.25,9.0,0.0,10.25],"tintindex":-2,"rotation":0,"texture":"#0"},"south":{"uv":[2.25,9.75,1.75,11.0],"tintindex":-2,"rotation":0,"texture":"#0"},"north":{"uv":[1.75,9.75,1.25,11.0],"tintindex":-2,"rotation":0,"texture":"#0"},"west":{"uv":[10.0,8.25,8.75,9.5],"tintindex":-2,"rotation":0,"texture":"#0"},"up":{"uv":[2.25,11.0,2.75,9.75],"tintindex":-2,"rotation":0,"texture":"#0"},"down":{"uv":[2.75,9.75,3.25,11.0],"tintindex":-2,"rotation":0,"texture":"#0"}}},{"from":[14.0,-8.0,11.0],"to":[16.0,-3.0,16.0],"faces":{"east":{"uv":[1.25,9.0,0.0,10.25],"tintindex":-2,"rotation":0,"texture":"#0"},"south":{"uv":[2.25,9.75,1.75,11.0],"tintindex":-2,"rotation":0,"texture":"#0"},"north":{"uv":[1.75,9.75,1.25,11.0],"tintindex":-2,"rotation":0,"texture":"#0"},"west":{"uv":[10.0,8.25,8.75,9.5],"tintindex":-2,"rotation":0,"texture":"#0"},"up":{"uv":[2.25,11.0,2.75,9.75],"tintindex":-2,"rotation":0,"texture":"#0"},"down":{"uv":[2.75,9.75,3.25,11.0],"tintindex":-2,"rotation":0,"texture":"#0"}}},{"from":[-2.0,-8.0,6.0],"to":[2.0,-6.0,11.0],"faces":{"east":{"uv":[3.25,9.0,4.5,9.5],"tintindex":-2,"rotation":0,"texture":"#0"},"south":{"uv":[10.25,9.75,11.25,10.25],"tintindex":-2,"rotation":0,"texture":"#0"},"north":{"uv":[10.25,9.25,11.25,9.75],"tintindex":-2,"rotation":0,"texture":"#0"},"west":{"uv":[10.0,8.75,11.25,9.25],"tintindex":-2,"rotation":0,"texture":"#0"},"up":{"uv":[6.25,10.75,5.25,9.5],"tintindex":-2,"rotation":0,"texture":"#0"},"down":{"uv":[7.25,9.5,6.25,10.75],"tintindex":-2,"rotation":0,"texture":"#0"}}},{"from":[1.0,-8.0,-5.0],"to":[4.0,-7.0,-3.0],"faces":{"east":{"uv":[6.75,9.25,7.25,9.5],"tintindex":-2,"rotation":0,"texture":"#0"},"south":{"uv":[5.5,10.75,6.25,11.0],"tintindex":-2,"rotation":0,"texture":"#0"},"north":{"uv":[10.75,4.5,11.5,4.75],"tintindex":-2,"rotation":0,"texture":"#0"},"west":{"uv":[4.75,10.25,5.25,10.5],"tintindex":-2,"rotation":0,"texture":"#0"},"up":{"uv":[11.0,10.75,10.25,10.25],"tintindex":-2,"rotation":0,"texture":"#0"},"down":{"uv":[0.75,10.75,0.0,11.25],"tintindex":-2,"rotation":0,"texture":"#0"}}},{"from":[3.0,-2.0,-2.0],"to":[14.0,5.0,17.0],"faces":{"east":{"uv":[4.5,5.0,9.25,6.75],"tintindex":-2,"rotation":0,"texture":"#0"},"south":{"uv":[4.5,7.0,7.25,8.75],"tintindex":-2,"rotation":0,"texture":"#0"},"north":{"uv":[5.5,2.25,8.25,4.0],"tintindex":-2,"rotation":0,"texture":"#0"},"west":{"uv":[5.5,0.25,10.25,2.0],"tintindex":-2,"rotation":0,"texture":"#0"},"up":{"uv":[2.75,4.75,0.0,0.0],"tintindex":-2,"rotation":0,"texture":"#0"},"down":{"uv":[5.5,0.0,2.75,4.75],"tintindex":-2,"rotation":0,"texture":"#0"}}},{"from":[2.0,4.0,-3.0],"to":[5.0,7.0,18.0],"faces":{"east":{"uv":[5.5,4.0,10.75,4.75],"tintindex":-2,"rotation":0,"texture":"#0"},"south":{"uv":[10.25,1.25,11.0,2.0],"tintindex":-2,"rotation":0,"texture":"#0"},"north":{"uv":[10.25,0.5,11.0,1.25],"tintindex":-2,"rotation":0,"texture":"#0"},"west":{"uv":[7.25,6.75,12.5,7.5],"tintindex":-2,"rotation":0,"texture":"#0"},"up":{"uv":[8.0,12.75,7.25,7.5],"tintindex":-2,"rotation":0,"texture":"#0"},"down":{"uv":[8.75,7.5,8.0,12.75],"tintindex":-2,"rotation":0,"texture":"#0"}}},{"from":[3.0,-6.0,12.0],"to":[14.0,-5.0,14.0],"faces":{"east":{"uv":[6.75,8.75,7.25,9.0],"tintindex":-2,"rotation":0,"texture":"#0"},"south":{"uv":[10.0,8.5,12.75,8.75],"tintindex":-2,"rotation":0,"texture":"#0"},"north":{"uv":[10.0,8.25,12.75,8.5],"tintindex":-2,"rotation":0,"texture":"#0"},"west":{"uv":[6.75,9.0,7.25,9.25],"tintindex":-2,"rotation":0,"texture":"#0"},"up":{"uv":[11.0,4.0,8.25,3.5],"tintindex":-2,"rotation":0,"texture":"#0"},"down":{"uv":[12.0,6.25,9.25,6.75],"tintindex":-2,"rotation":0,"texture":"#0"}}},{"from":[12.0,4.0,-3.0],"to":[15.0,7.0,18.0],"faces":{"east":{"uv":[7.25,6.75,12.5,7.5],"tintindex":-2,"rotation":0,"texture":"#0"},"south":{"uv":[10.25,0.5,11.0,1.25],"tintindex":-2,"rotation":0,"texture":"#0"},"north":{"uv":[10.25,1.25,11.0,2.0],"tintindex":-2,"rotation":0,"texture":"#0"},"west":{"uv":[5.5,4.0,10.75,4.75],"tintindex":-2,"rotation":0,"texture":"#0"},"up":{"uv":[8.0,12.75,7.25,7.5],"tintindex":-2,"rotation":180,"texture":"#0"},"down":{"uv":[8.75,7.5,8.0,12.75],"tintindex":-2,"rotation":180,"texture":"#0"}}},{"from":[7.0,-1.3770618,-9.790052],"to":[10.0,0.6229372,-4.7900524],"faces":{"east":{"uv":[0.0,10.25,1.25,10.75],"tintindex":-2,"rotation":0,"texture":"#0"},"south":{"uv":[4.75,10.75,5.5,11.25],"tintindex":-2,"rotation":0,"texture":"#0"},"north":{"uv":[10.75,4.0,11.5,4.5],"tintindex":-2,"rotation":0,"texture":"#0"},"west":{"uv":[10.25,0.0,11.5,0.5],"tintindex":-2,"rotation":0,"texture":"#0"},"up":{"uv":[9.5,10.75,8.75,9.5],"tintindex":-2,"rotation":0,"texture":"#0"},"down":{"uv":[10.25,9.5,9.5,10.75],"tintindex":-2,"rotation":0,"texture":"#0"}},"rotation":{"origin":[7.5333333,7.8384085,6.2255125],"angle":-22.5,"axis":"x"}},{"from":[5.0,4.0,15.0],"to":[12.0,7.0,18.0],"faces":{"east":{"uv":[4.0,10.25,4.75,11.0],"tintindex":-2,"rotation":0,"texture":"#0"},"south":{"uv":[1.25,9.0,3.0,9.75],"tintindex":-2,"rotation":0,"texture":"#0"},"north":{"uv":[9.25,4.75,11.0,5.5],"tintindex":-2,"rotation":0,"texture":"#0"},"west":{"uv":[3.25,10.25,4.0,11.0],"tintindex":-2,"rotation":0,"texture":"#0"},"up":{"uv":[11.25,6.25,9.25,5.5],"tintindex":-2,"rotation":180,"texture":"#0"},"down":{"uv":[5.25,9.5,3.25,10.25],"tintindex":-2,"rotation":180,"texture":"#0"}}},{"from":[5.0,4.0,-3.0],"to":[12.0,7.0,0.0],"faces":{"east":{"uv":[3.25,10.25,4.0,11.0],"tintindex":-2,"rotation":0,"texture":"#0"},"south":{"uv":[9.25,4.75,11.0,5.5],"tintindex":-2,"rotation":0,"texture":"#0"},"north":{"uv":[1.25,9.0,3.0,9.75],"tintindex":-2,"rotation":0,"texture":"#0"},"west":{"uv":[4.0,10.25,4.75,11.0],"tintindex":-2,"rotation":0,"texture":"#0"},"up":{"uv":[11.25,6.25,9.25,5.5],"tintindex":-2,"rotation":0,"texture":"#0"},"down":{"uv":[5.25,9.5,3.25,10.25],"tintindex":-2,"rotation":0,"texture":"#0"}}},{"from":[1.0,-8.0,0.0],"to":[3.0,-3.0,5.0],"faces":{"east":{"uv":[8.75,8.25,10.0,9.5],"tintindex":-2,"rotation":0,"texture":"#0"},"south":{"uv":[1.75,9.75,2.25,11.0],"tintindex":-2,"rotation":0,"texture":"#0"},"north":{"uv":[1.25,9.75,1.75,11.0],"tintindex":-2,"rotation":0,"texture":"#0"},"west":{"uv":[0.0,9.0,1.25,10.25],"tintindex":-2,"rotation":0,"texture":"#0"},"up":{"uv":[2.75,11.0,2.25,9.75],"tintindex":-2,"rotation":0,"texture":"#0"},"down":{"uv":[3.25,9.75,2.75,11.0],"tintindex":-2,"rotation":0,"texture":"#0"}}},{"from":[3.0,-6.0,1.0],"to":[14.0,-5.0,3.0],"faces":{"east":{"uv":[6.75,8.75,7.25,9.0],"tintindex":-2,"rotation":0,"texture":"#0"},"south":{"uv":[10.0,8.5,12.75,8.75],"tintindex":-2,"rotation":0,"texture":"#0"},"north":{"uv":[10.0,8.25,12.75,8.5],"tintindex":-2,"rotation":0,"texture":"#0"},"west":{"uv":[6.75,9.0,7.25,9.25],"tintindex":-2,"rotation":0,"texture":"#0"},"up":{"uv":[11.0,4.0,8.25,3.5],"tintindex":-2,"rotation":0,"texture":"#0"},"down":{"uv":[12.0,6.25,9.25,6.75],"tintindex":-2,"rotation":0,"texture":"#0"}}},{"from":[1.0,-8.0,11.0],"to":[3.0,-3.0,16.0],"faces":{"east":{"uv":[8.75,8.25,10.0,9.5],"tintindex":-2,"rotation":0,"texture":"#0"},"south":{"uv":[1.75,9.75,2.25,11.0],"tintindex":-2,"rotation":0,"texture":"#0"},"north":{"uv":[1.25,9.75,1.75,11.0],"tintindex":-2,"rotation":0,"texture":"#0"},"west":{"uv":[0.0,9.0,1.25,10.25],"tintindex":-2,"rotation":0,"texture":"#0"},"up":{"uv":[2.75,11.0,2.25,9.75],"tintindex":-2,"rotation":0,"texture":"#0"},"down":{"uv":[3.25,9.75,2.75,11.0],"tintindex":-2,"rotation":0,"texture":"#0"}}},{"from":[4.0,-5.0,-1.0],"to":[13.0,-2.0,16.0],"faces":{"east":{"uv":[8.25,2.0,12.5,2.75],"tintindex":-2,"rotation":0,"texture":"#0"},"south":{"uv":[8.75,7.5,11.0,8.25],"tintindex":-2,"rotation":0,"texture":"#0"},"north":{"uv":[4.5,8.75,6.75,9.5],"tintindex":-2,"rotation":0,"texture":"#0"},"west":{"uv":[8.25,2.75,12.5,3.5],"tintindex":-2,"rotation":0,"texture":"#0"},"up":{"uv":[2.25,9.0,0.0,4.75],"tintindex":-2,"rotation":0,"texture":"#0"},"down":{"uv":[4.5,4.75,2.25,9.0],"tintindex":-2,"rotation":0,"texture":"#0"}}}],"display":{"gui":{"rotation":[30,225,0]}}}